[34m[INFO](B[m Package aylurs-gtk-shell not installed, skipping.
[34m[INFO](B[m Package dunst not installed, skipping.
[34m[INFO](B[m Package cachyos-hyprland-settings not installed, skipping.
[34m[INFO](B[m Package mako not installed, skipping.
[34m[INFO](B[m Package rofi not installed, skipping.
[34m[INFO](B[m Package wallust-git not installed, skipping.
[34m[INFO](B[m Package rofi-lbonn-wayland not installed, skipping.
[34m[INFO](B[m Package rofi-lbonn-wayland-git not installed, skipping.
resolving dependencies...
looking for conflicting packages...

Package (1)          New Version  Net Change  Download Size

cachyos-extra-v3/bc  1.08.2-1.1     0.21 MiB       0.11 MiB

Total Download Size:   0.11 MiB
Total Installed Size:  0.21 MiB

:: Proceed with installation? [Y/n] 
:: Retrieving packages...
 bc-1.08.2-1.1-x86_64_v3 downloading...
checking keyring...
checking package integrity...
loading package files...
checking for file conflicts...
checking available disk space...
:: Running pre-transaction hooks...
(1/2) Performing snapper pre snapshots for the following configurations...
==> root: 11
(2/2) Waiting for limine-snapper-sync to finish...
:: Processing package changes...
installing bc...
:: Running post-transaction hooks...
(1/3) Arming ConditionNeedsUpdate...
(2/3) Updating the info directory file...
(3/3) Performing snapper post snapshots for the following configurations...
==> root: 12
resolving dependencies...
looking for conflicting packages...

Package (2)                    New Version  Net Change  Download Size

cachyos-extra-v3/wl-clipboard  1:2.3.0-1.1    0.11 MiB       0.03 MiB
cachyos-extra-v3/cliphist      1:0.7.0-2.1    2.31 MiB       0.87 MiB

Total Download Size:   0.91 MiB
Total Installed Size:  2.42 MiB

:: Proceed with installation? [Y/n] 
:: Retrieving packages...
 cliphist-1:0.7.0-2.1-x86_64_v3 downloading...
 wl-clipboard-1:2.3.0-1.1-x86_64_v3 downloading...
checking keyring...
checking package integrity...
loading package files...
checking for file conflicts...
checking available disk space...
:: Running pre-transaction hooks...
(1/2) Performing snapper pre snapshots for the following configurations...
==> root: 13
(2/2) Waiting for limine-snapper-sync to finish...
:: Processing package changes...
installing wl-clipboard...
Optional dependencies for wl-clipboard
    xdg-utils: for content type inference in wl-copy [installed]
    mailcap: for type inference in wl-paste [installed]
installing cliphist...
Optional dependencies for cliphist
    xdg-utils: image and mime inferance [installed]
:: Running post-transaction hooks...
(1/3) Reloading user manager configuration...
(2/3) Arming ConditionNeedsUpdate...
(3/3) Performing snapper post snapshots for the following configurations...
==> root: 14
resolving dependencies...
looking for conflicting packages...

Package (1)            New Version  Net Change  Download Size

cachyos-extra-v3/grim  1.5.0-2.1      0.04 MiB       0.02 MiB

Total Download Size:   0.02 MiB
Total Installed Size:  0.04 MiB

:: Proceed with installation? [Y/n] 
:: Retrieving packages...
 grim-1.5.0-2.1-x86_64_v3 downloading...
checking keyring...
checking package integrity...
loading package files...
checking for file conflicts...
checking available disk space...
:: Running pre-transaction hooks...
(1/2) Performing snapper pre snapshots for the following configurations...
==> root: 15
(2/2) Waiting for limine-snapper-sync to finish...
:: Processing package changes...
installing grim...
:: Running post-transaction hooks...
(1/2) Arming ConditionNeedsUpdate...
(2/2) Performing snapper post snapshots for the following configurations...
==> root: 16
resolving dependencies...
looking for conflicting packages...

Package (1)  New Version  Net Change  Download Size

extra/gvfs   1.60.0-2       5.15 MiB       0.92 MiB

Total Download Size:   0.92 MiB
Total Installed Size:  5.15 MiB

:: Proceed with installation? [Y/n] 
:: Retrieving packages...
 gvfs-1.60.0-2-x86_64 downloading...
checking keyring...
checking package integrity...
loading package files...
checking for file conflicts...
checking available disk space...
:: Running pre-transaction hooks...
(1/2) Performing snapper pre snapshots for the following configurations...
==> root: 17
(2/2) Waiting for limine-snapper-sync to finish...
:: Processing package changes...
installing gvfs...
Optional dependencies for gvfs
    gvfs-afc: AFC support (Apple mobile devices)
    gvfs-dnssd: DNS-SD and WebDAV support (macOS file sharing)
    gvfs-goa: Gnome Online Accounts support (e.g. OwnCloud)
    gvfs-gphoto2: gphoto2 support (PTP camera, MTP media player)
    gvfs-mtp: MTP support (Android, media player)
    gvfs-nfs: NFS support
    gvfs-onedrive: Microsoft OneDrive support
    gvfs-smb: SMB/CIFS support (Windows file sharing)
    gvfs-wsdd: Web Services Dynamic Discovery support (Windows discovery)
:: Running post-transaction hooks...
(1/7) Creating temporary files...
(2/7) Reloading user manager configuration...
(3/7) Arming ConditionNeedsUpdate...
(4/7) Updating GIO module cache...
(5/7) Compiling GSettings XML schema files...
(6/7) Reloading GVFS config...
(7/7) Performing snapper post snapshots for the following configurations...
==> root: 18
resolving dependencies...
looking for conflicting packages...

Package (1)     New Version  Net Change  Download Size

extra/gvfs-mtp  1.60.0-2       0.15 MiB       0.05 MiB

Total Download Size:   0.05 MiB
Total Installed Size:  0.15 MiB

:: Proceed with installation? [Y/n] 
:: Retrieving packages...
 gvfs-mtp-1.60.0-2-x86_64 downloading...
checking keyring...
checking package integrity...
loading package files...
checking for file conflicts...
checking available disk space...
:: Running pre-transaction hooks...
(1/2) Performing snapper pre snapshots for the following configurations...
==> root: 19
(2/2) Waiting for limine-snapper-sync to finish...
:: Processing package changes...
installing gvfs-mtp...
:: Running post-transaction hooks...
(1/4) Reloading user manager configuration...
(2/4) Arming ConditionNeedsUpdate...
(3/4) Reloading GVFS config...
(4/4) Performing snapper post snapshots for the following configurations...
==> root: 20
resolving dependencies...
looking for conflicting packages...

Package (4)                           New Version  Net Change  Download Size

cachyos-extra-v3/hyprland-qt-support  0.1.0-12.1     0.45 MiB       0.09 MiB
cachyos-extra-v3/hyprlang             0.6.8-4.1      0.27 MiB       0.11 MiB
cachyos-extra-v3/hyprutils            0.13.1-1.1     0.48 MiB       0.17 MiB
cachyos-extra-v3/hyprpolkitagent      0.1.3-7.1      0.20 MiB       0.08 MiB

Total Download Size:   0.45 MiB
Total Installed Size:  1.41 MiB

:: Proceed with installation? [Y/n] 
:: Retrieving packages...
 hyprutils-0.13.1-1.1-x86_64_v3 downloading...
 hyprlang-0.6.8-4.1-x86_64_v3 downloading...
 hyprland-qt-support-0.1.0-12.1-x86_64_v3 downloading...
 hyprpolkitagent-0.1.3-7.1-x86_64_v3 downloading...
checking keyring...
checking package integrity...
loading package files...
checking for file conflicts...
checking available disk space...
:: Running pre-transaction hooks...
(1/2) Performing snapper pre snapshots for the following configurations...
==> root: 21
(2/2) Waiting for limine-snapper-sync to finish...
:: Processing package changes...
installing hyprutils...
installing hyprlang...
installing hyprland-qt-support...
installing hyprpolkitagent...
:: Running post-transaction hooks...
(1/3) Reloading user manager configuration...
(2/3) Arming ConditionNeedsUpdate...
(3/3) Performing snapper post snapshots for the following configurations...
==> root: 22
resolving dependencies...
looking for conflicting packages...

Package (4)                               New Version  Net Change  Download Size

cachyos-extra-v3/kitty-shell-integration  0.47.1-1.1     0.09 MiB       0.03 MiB
cachyos-extra-v3/kitty-terminfo           0.47.1-1.1     0.00 MiB       0.00 MiB
cachyos-extra-v3/librsync                 1:2.3.4-2.1    0.10 MiB       0.04 MiB
cachyos-extra-v3/kitty                    0.47.1-1.1    64.97 MiB      18.05 MiB

Total Download Size:   18.12 MiB
Total Installed Size:  65.16 MiB

:: Proceed with installation? [Y/n] 
:: Retrieving packages...
 kitty-0.47.1-1.1-x86_64_v3 downloading...
 librsync-1:2.3.4-2.1-x86_64 downloading...
 kitty-shell-integration-0.47.1-1.1-x86_64_v3 downloading...
 kitty-terminfo-0.47.1-1.1-x86_64_v3 downloading...
checking keyring...
checking package integrity...
loading package files...
checking for file conflicts...
checking available disk space...
:: Running pre-transaction hooks...
(1/2) Performing snapper pre snapshots for the following configurations...
==> root: 23
(2/2) Waiting for limine-snapper-sync to finish...
:: Processing package changes...
installing librsync...
installing kitty-terminfo...
installing kitty-shell-integration...
Optional dependencies for kitty-shell-integration
    bash: Bash completions [installed]
    zsh: ZSH completions [installed]
    fish: Fish completions [installed]
installing kitty...
Optional dependencies for kitty
    imagemagick: viewing images with icat [installed]
    python-pygments: syntax highlighting in kitty +kitten diff
    libcanberra: playing "bell" sound on terminal bell [installed]
:: Running post-transaction hooks...
(1/4) Arming ConditionNeedsUpdate...
(2/4) Updating icon theme caches...
(3/4) Updating the desktop file MIME type cache...
(4/4) Performing snapper post snapshots for the following configurations...
==> root: 24
resolving dependencies...
looking for conflicting packages...

Package (1)               New Version  Net Change  Download Size

cachyos-extra-v3/kvantum  1.1.8-1.1      8.48 MiB       1.15 MiB

Total Download Size:   1.15 MiB
Total Installed Size:  8.48 MiB

:: Proceed with installation? [Y/n] 
:: Retrieving packages...
 kvantum-1.1.8-1.1-x86_64_v3 downloading...
checking keyring...
checking package integrity...
loading package files...
checking for file conflicts...
checking available disk space...
:: Running pre-transaction hooks...
(1/2) Performing snapper pre snapshots for the following configurations...
==> root: 25
(2/2) Waiting for limine-snapper-sync to finish...
:: Processing package changes...
installing kvantum...
Optional dependencies for kvantum
    kvantum-qt5: Qt5 style
:: Running post-transaction hooks...
(1/4) Arming ConditionNeedsUpdate...
(2/4) Updating icon theme caches...
(3/4) Updating the desktop file MIME type cache...
(4/4) Performing snapper post snapshots for the following configurations...
==> root: 26
resolving dependencies...
looking for conflicting packages...

Package (1)               New Version  Net Change  Download Size

cachyos-extra-v3/libspng  0.7.4-4.1      0.11 MiB       0.05 MiB

Total Download Size:   0.05 MiB
Total Installed Size:  0.11 MiB

:: Proceed with installation? [Y/n] 
:: Retrieving packages...
 libspng-0.7.4-4.1-x86_64_v3 downloading...
checking keyring...
checking package integrity...
loading package files...
checking for file conflicts...
checking available disk space...
:: Running pre-transaction hooks...
(1/2) Performing snapper pre snapshots for the following configurations...
==> root: 27
(2/2) Waiting for limine-snapper-sync to finish...
:: Processing package changes...
installing libspng...
:: Running post-transaction hooks...
(1/2) Arming ConditionNeedsUpdate...
(2/2) Performing snapper post snapshots for the following configurations...
==> root: 28
resolving dependencies...
looking for conflicting packages...

Package (6)                              New Version       Net Change  Download Size

extra/libappindicator                    12.10.1-1           0.34 MiB       0.05 MiB
extra/libdbusmenu-glib                   18.10.20180917-1    0.67 MiB       0.09 MiB
extra/libdbusmenu-gtk3                   18.10.20180917-1    0.22 MiB       0.05 MiB
cachyos-extra-v3/libnma                  1.10.6-3.1          0.50 MiB       0.11 MiB
cachyos-extra-v3/nm-connection-editor    1.36.0-2.1          4.51 MiB       0.78 MiB
cachyos-extra-v3/network-manager-applet  1.36.0-2.1          0.61 MiB       0.17 MiB

Total Download Size:   1.25 MiB
Total Installed Size:  6.84 MiB

:: Proceed with installation? [Y/n] 
:: Retrieving packages...
 nm-connection-editor-1.36.0-2.1-x86_64_v3 downloading...
 network-manager-applet-1.36.0-2.1-x86_64_v3 downloading...
 libnma-1.10.6-3.1-x86_64 downloading...
 libdbusmenu-glib-18.10.20180917-1-x86_64 downloading...
 libappindicator-12.10.1-1-x86_64 downloading...
 libdbusmenu-gtk3-18.10.20180917-1-x86_64 downloading...
checking keyring...
checking package integrity...
loading package files...
checking for file conflicts...
checking available disk space...
:: Running pre-transaction hooks...
(1/2) Performing snapper pre snapshots for the following configurations...
==> root: 29
(2/2) Waiting for limine-snapper-sync to finish...
:: Processing package changes...
installing libdbusmenu-glib...
installing libdbusmenu-gtk3...
installing libappindicator...
installing libnma...
installing nm-connection-editor...
installing network-manager-applet...
:: Running post-transaction hooks...
(1/5) Arming ConditionNeedsUpdate...
(2/5) Compiling GSettings XML schema files...
(3/5) Updating icon theme caches...
(4/5) Updating the desktop file MIME type cache...
(5/5) Performing snapper post snapshots for the following configurations...
==> root: 30
resolving dependencies...
looking for conflicting packages...

Package (1)               New Version  Net Change  Download Size

cachyos-extra-v3/pamixer  1.6-4.1        0.28 MiB       0.10 MiB

Total Download Size:   0.10 MiB
Total Installed Size:  0.28 MiB

:: Proceed with installation? [Y/n] 
:: Retrieving packages...
 pamixer-1.6-4.1-x86_64_v3 downloading...
checking keyring...
checking package integrity...
loading package files...
checking for file conflicts...
checking available disk space...
:: Running pre-transaction hooks...
(1/2) Performing snapper pre snapshots for the following configurations...
==> root: 31
(2/2) Waiting for limine-snapper-sync to finish...
:: Processing package changes...
installing pamixer...
:: Running post-transaction hooks...
(1/2) Arming ConditionNeedsUpdate...
(2/2) Performing snapper post snapshots for the following configurations...
==> root: 32
resolving dependencies...
looking for conflicting packages...

Package (1)                 New Version  Net Change  Download Size

cachyos-extra-v3/playerctl  2.4.1-5.1      0.44 MiB       0.08 MiB

Total Download Size:   0.08 MiB
Total Installed Size:  0.44 MiB

:: Proceed with installation? [Y/n] 
:: Retrieving packages...
 playerctl-2.4.1-5.1-x86_64_v3 downloading...
checking keyring...
checking package integrity...
loading package files...
checking for file conflicts...
checking available disk space...
:: Running pre-transaction hooks...
(1/2) Performing snapper pre snapshots for the following configurations...
==> root: 33
(2/2) Waiting for limine-snapper-sync to finish...
:: Processing package changes...
installing playerctl...
:: Running post-transaction hooks...
(1/2) Arming ConditionNeedsUpdate...
(2/2) Performing snapper post snapshots for the following configurations...
==> root: 34
resolving dependencies...
looking for conflicting packages...

Package (5)                                 New Version   Net Change  Download Size

extra/python-certifi                        2026.05.20-1    0.02 MiB       0.01 MiB
cachyos-extra-v3/python-charset-normalizer  3.4.7-1.1       0.98 MiB       0.23 MiB
extra/python-idna                           3.18-1          0.64 MiB       0.08 MiB
extra/python-urllib3                        2.7.0-1         1.43 MiB       0.24 MiB
extra/python-requests                       2.34.2-1        0.76 MiB       0.14 MiB

Total Download Size:   0.70 MiB
Total Installed Size:  3.83 MiB

:: Proceed with installation? [Y/n] 
:: Retrieving packages...
 python-urllib3-2.7.0-1-any downloading...
 python-charset-normalizer-3.4.7-1.1-x86_64_v3 downloading...
 python-requests-2.34.2-1-any downloading...
 python-idna-3.18-1-any downloading...
 python-certifi-2026.05.20-1-any downloading...
checking keyring...
checking package integrity...
loading package files...
checking for file conflicts...
checking available disk space...
:: Running pre-transaction hooks...
(1/2) Performing snapper pre snapshots for the following configurations...
==> root: 35
(2/2) Waiting for limine-snapper-sync to finish...
:: Processing package changes...
installing python-charset-normalizer...
installing python-idna...
installing python-urllib3...
Optional dependencies for python-urllib3
    python-brotli: Brotli support
    python-brotlicffi: Brotli support
    python-h2: HTTP/2 support
    python-pysocks: SOCKS support
installing python-certifi...
installing python-requests...
Optional dependencies for python-requests
    python-chardet: alternative character encoding library
    python-pysocks: SOCKS proxy support
:: Running post-transaction hooks...
(1/2) Arming ConditionNeedsUpdate...
(2/2) Performing snapper post snapshots for the following configurations...
==> root: 36
resolving dependencies...
looking for conflicting packages...

Package (3)                   New Version  Net Change  Download Size

extra/python-cssselect        1.4.0-1        0.27 MiB       0.05 MiB
cachyos-extra-v3/python-lxml  6.1.1-1.1      6.21 MiB       1.70 MiB
extra/python-pyquery          2.0.1-3        0.26 MiB       0.05 MiB

Total Download Size:   1.80 MiB
Total Installed Size:  6.74 MiB

:: Proceed with installation? [Y/n] 
:: Retrieving packages...
 python-lxml-6.1.1-1.1-x86_64_v3 downloading...
 python-pyquery-2.0.1-3-any downloading...
 python-cssselect-1.4.0-1-any downloading...
checking keyring...
checking package integrity...
loading package files...
checking for file conflicts...
checking available disk space...
:: Running pre-transaction hooks...
(1/2) Performing snapper pre snapshots for the following configurations...
==> root: 37
(2/2) Waiting for limine-snapper-sync to finish...
:: Processing package changes...
installing python-lxml...
Optional dependencies for python-lxml
    python-beautifulsoup4: support for beautifulsoup parser to parse not well formed HTML
    python-cssselect: support for cssselect [pending]
    python-html5lib: support for html5lib parser
    python-lxml-docs: offline docs
    python-lxml-html-clean: enable htmlclean feature
installing python-cssselect...
installing python-pyquery...
Optional dependencies for python-pyquery
    python-webob: query wsgi app
:: Running post-transaction hooks...
(1/2) Arming ConditionNeedsUpdate...
(2/2) Performing snapper post snapshots for the following configurations...
==> root: 38
resolving dependencies...
looking for conflicting packages...

Package (4)                New Version          Net Change  Download Size

cachyos-extra-v3/qt5-base  5.15.19+kde+r96-1.1   66.17 MiB      14.28 MiB
cachyos-extra-v3/qt5-svg   5.15.19+kde+r5-1.1     0.50 MiB       0.16 MiB
extra/qt5-translations     5.15.19-1             14.71 MiB       1.86 MiB
cachyos-extra-v3/qt5ct     1.9-2.1                0.90 MiB       0.23 MiB

Total Download Size:   16.52 MiB
Total Installed Size:  82.28 MiB

:: Proceed with installation? [Y/n] 
:: Retrieving packages...
 qt5-base-5.15.19+kde+r96-1.1-x86_64_v3 downloading...
 qt5-translations-5.15.19-1-any downloading...
 qt5ct-1.9-2.1-x86_64_v3 downloading...
 qt5-svg-5.15.19+kde+r5-1.1-x86_64_v3 downloading...
error: failed retrieving file 'qt5-base-5.15.19+kde+r96-1.1-x86_64_v3.pkg.tar.zst' from cdn77.cachyos.org : The requested URL returned error: 404
error: failed retrieving file 'qt5-svg-5.15.19+kde+r5-1.1-x86_64_v3.pkg.tar.zst' from cdn77.cachyos.org : The requested URL returned error: 404
checking keyring...
checking package integrity...
loading package files...
checking for file conflicts...
checking available disk space...
:: Running pre-transaction hooks...
(1/2) Performing snapper pre snapshots for the following configurations...
==> root: 39
(2/2) Waiting for limine-snapper-sync to finish...
:: Processing package changes...
installing qt5-translations...
installing qt5-base...
Optional dependencies for qt5-base
    qt5-svg: to use SVG icon themes [pending]
    qt5-wayland: to run Qt applications in a Wayland session
    postgresql-libs: PostgreSQL driver
    mariadb-libs: MariaDB driver
    unixodbc: ODBC driver
    libfbclient: Firebird/iBase driver
    freetds: MS SQL driver
    gtk3: GTK platform plugin [installed]
    perl: for fixqt4headers and syncqt [installed]
installing qt5-svg...
installing qt5ct...
:: Running post-transaction hooks...
(1/3) Arming ConditionNeedsUpdate...
(2/3) Updating the desktop file MIME type cache...
(3/3) Performing snapper post snapshots for the following configurations...
==> root: 40
resolving dependencies...
looking for conflicting packages...

Package (1)             New Version  Net Change  Download Size

cachyos-extra-v3/qt6ct  0.11-7.1       0.70 MiB       0.18 MiB

Total Download Size:   0.18 MiB
Total Installed Size:  0.70 MiB

:: Proceed with installation? [Y/n] 
:: Retrieving packages...
 qt6ct-0.11-7.1-x86_64_v3 downloading...
checking keyring...
checking package integrity...
loading package files...
checking for file conflicts...
checking available disk space...
:: Running pre-transaction hooks...
(1/2) Performing snapper pre snapshots for the following configurations...
==> root: 41
(2/2) Waiting for limine-snapper-sync to finish...
:: Processing package changes...
installing qt6ct...
:: Running post-transaction hooks...
(1/3) Arming ConditionNeedsUpdate...
(2/3) Updating the desktop file MIME type cache...
(3/3) Performing snapper post snapshots for the following configurations...
==> root: 42
resolving dependencies...
looking for conflicting packages...

Package (3)                            New Version  Net Change  Download Size

cachyos-extra-v3/startup-notification  0.12-9.1       0.06 MiB       0.02 MiB
cachyos-extra-v3/xcb-imdkit            1.0.9-1.1      0.62 MiB       0.33 MiB
cachyos-extra-v3/rofi                  2.0.0-1.1      1.15 MiB       0.62 MiB

Total Download Size:   0.97 MiB
Total Installed Size:  1.83 MiB

:: Proceed with installation? [Y/n] 
:: Retrieving packages...
 rofi-2.0.0-1.1-x86_64_v3 downloading...
 xcb-imdkit-1.0.9-1.1-x86_64 downloading...
 startup-notification-0.12-9.1-x86_64_v3 downloading...
checking keyring...
checking package integrity...
loading package files...
checking for file conflicts...
checking available disk space...
:: Running pre-transaction hooks...
(1/2) Performing snapper pre snapshots for the following configurations...
==> root: 43
(2/2) Waiting for limine-snapper-sync to finish...
:: Processing package changes...
installing startup-notification...
installing xcb-imdkit...
installing rofi...
:: Running post-transaction hooks...
(1/4) Arming ConditionNeedsUpdate...
(2/4) Updating icon theme caches...
(3/4) Updating the desktop file MIME type cache...
(4/4) Performing snapper post snapshots for the following configurations...
==> root: 44
resolving dependencies...
looking for conflicting packages...

Package (1)             New Version  Net Change  Download Size

cachyos-extra-v3/slurp  1.5.0-2.1      0.04 MiB       0.02 MiB

Total Download Size:   0.02 MiB
Total Installed Size:  0.04 MiB

:: Proceed with installation? [Y/n] 
:: Retrieving packages...
 slurp-1.5.0-2.1-x86_64_v3 downloading...
checking keyring...
checking package integrity...
loading package files...
checking for file conflicts...
checking available disk space...
:: Running pre-transaction hooks...
(1/2) Performing snapper pre snapshots for the following configurations...
==> root: 45
(2/2) Waiting for limine-snapper-sync to finish...
:: Processing package changes...
installing slurp...
:: Running post-transaction hooks...
(1/2) Arming ConditionNeedsUpdate...
(2/2) Performing snapper post snapshots for the following configurations...
==> root: 46
resolving dependencies...
looking for conflicting packages...

Package (1)              New Version  Net Change  Download Size

cachyos-extra-v3/swappy  1.8.0-1.1      0.13 MiB       0.04 MiB

Total Download Size:   0.04 MiB
Total Installed Size:  0.13 MiB

:: Proceed with installation? [Y/n] 
:: Retrieving packages...
 swappy-1.8.0-1.1-x86_64_v3 downloading...
checking keyring...
checking package integrity...
loading package files...
checking for file conflicts...
checking available disk space...
:: Running pre-transaction hooks...
(1/2) Performing snapper pre snapshots for the following configurations...
==> root: 47
(2/2) Waiting for limine-snapper-sync to finish...
:: Processing package changes...
installing swappy...
Optional dependencies for swappy
    wl-clipboard: copy to clipboard support [installed]
    otf-font-awesome: to draw the paint icons properly
:: Running post-transaction hooks...
(1/4) Arming ConditionNeedsUpdate...
(2/4) Updating icon theme caches...
(3/4) Updating the desktop file MIME type cache...
(4/4) Performing snapper post snapshots for the following configurations...
==> root: 48
resolving dependencies...
looking for conflicting packages...

Package (5)                        New Version  Net Change  Download Size

cachyos-extra-v3/granite7          7.8.1-1.1      0.87 MiB       0.24 MiB
cachyos-extra-v3/gtk4-layer-shell  1.3.0-1.1      0.30 MiB       0.06 MiB
extra/libadwaita                   1:1.9.1-1      5.16 MiB       0.79 MiB
cachyos-extra-v3/libgee            0.20.8-1.1     1.94 MiB       0.31 MiB
cachyos-extra-v3/swaync            0.12.6-1.1     0.84 MiB       0.26 MiB

Total Download Size:   1.66 MiB
Total Installed Size:  9.11 MiB

:: Proceed with installation? [Y/n] 
:: Retrieving packages...
 libadwaita-1:1.9.1-1-x86_64 downloading...
 libgee-0.20.8-1.1-x86_64_v3 downloading...
 swaync-0.12.6-1.1-x86_64_v3 downloading...
 granite7-7.8.1-1.1-x86_64_v3 downloading...
 gtk4-layer-shell-1.3.0-1.1-x86_64_v3 downloading...
checking keyring...
checking package integrity...
loading package files...
checking for file conflicts...
checking available disk space...
:: Running pre-transaction hooks...
(1/2) Performing snapper pre snapshots for the following configurations...
==> root: 49
(2/2) Waiting for limine-snapper-sync to finish...
:: Processing package changes...
installing gtk4-layer-shell...
installing libadwaita...
installing libgee...
installing granite7...
installing swaync...
Optional dependencies for swaync
    gvfs: Get album art in MPRIS widget [installed]
:: Running post-transaction hooks...
(1/6) Reloading user manager configuration...
(2/6) Arming ConditionNeedsUpdate...
(3/6) Compiling GSettings XML schema files...
(4/6) Updating icon theme caches...
(5/6) Updating the desktop file MIME type cache...
(6/6) Performing snapper post snapshots for the following configurations...
==> root: 50
:: There are 2 providers available for swww:
:: Repository cachyos-extra-v3
   1) awww
:: Repository extra
   2) awww

Enter a number (default=1): 
resolving dependencies...
looking for conflicting packages...

Package (1)            New Version  Net Change  Download Size

cachyos-extra-v3/awww  0.12.1-1.1    11.21 MiB       3.05 MiB

Total Download Size:    3.05 MiB
Total Installed Size:  11.21 MiB

:: Proceed with installation? [Y/n] 
:: Retrieving packages...
 awww-0.12.1-1.1-x86_64_v3 downloading...
checking keyring...
checking package integrity...
loading package files...
checking for file conflicts...
checking available disk space...
:: Running pre-transaction hooks...
(1/2) Performing snapper pre snapshots for the following configurations...
==> root: 51
(2/2) Waiting for limine-snapper-sync to finish...
:: Processing package changes...
installing awww...
:: Running post-transaction hooks...
(1/2) Arming ConditionNeedsUpdate...
(2/2) Performing snapper post snapshots for the following configurations...
==> root: 52
:: Resolving dependencies...
:: There are 2 providers available for wallust:
:: Repository AUR:
    1) wallust  2) wallust-git  
Enter a number (default=1): 
:: There are 4 providers available for cargo:
:: Repository cachyos-extra-v3:
    1) rust  2) rustup  
:: Repository extra:
    3) rust  4) rustup  
Enter a number (default=1): :: Calculating conflicts...
:: Calculating inner conflicts...

Repo (1)               Old Version  New Version    Make Only
cachyos-extra-v3/rust               1:1.96.0-1.1   Yes

Aur (1)                Old Version  New Version    Make Only
aur/wallust                         3.5.2-1        No

:: Proceed to review? [Y/n]: 

:: Downloading PKGBUILDs...
 (1/1) downloading: wallust-3.5.2-1
resolving dependencies...
looking for conflicting packages...

Package (1)            New Version   Net Change  Download Size

cachyos-extra-v3/rust  1:1.96.0-1.1  267.37 MiB      73.00 MiB

Total Download Size:    73.00 MiB
Total Installed Size:  267.37 MiB

:: Proceed with installation? [Y/n] 
:: Retrieving packages...
 rust-1:1.96.0-1.1-x86_64_v3 downloading...
checking keyring...
checking package integrity...
loading package files...
checking for file conflicts...
checking available disk space...
:: Running pre-transaction hooks...
(1/2) Performing snapper pre snapshots for the following configurations...
==> root: 53
(2/2) Waiting for limine-snapper-sync to finish...
:: Processing package changes...
installing rust...
Optional dependencies for rust
    gdb: rust-gdb script [installed]
    lldb: rust-lldb script
:: Running post-transaction hooks...
(1/2) Arming ConditionNeedsUpdate...
(2/2) Performing snapper post snapshots for the following configurations...
==> root: 54
fetching devel info...
==> Making package: wallust 3.5.2-1 (Sat 13 Jun 2026 15:10:54)
==> Retrieving sources...
  -> Downloading wallust-3.5.2.tar.gz...
  % Total    % Received % Xferd  Average Speed  Time    Time    Time   Current
                                 Dload  Upload  Total   Spent   Left   Speed
  0      0   0      0   0      0      0      0                              0100 162.3k 100 162.3k   0      0 377.7k      0                              0100 162.3k 100 162.3k   0      0 377.6k      0                              0100 162.3k 100 162.3k   0      0 377.5k      0                              0
==> Validating source files with sha256sums...
    wallust-3.5.2.tar.gz ... Passed
==> Making package: wallust 3.5.2-1 (Sat 13 Jun 2026 15:10:56)
==> Checking runtime dependencies...
==> Checking buildtime dependencies...
==> Retrieving sources...
  -> Found wallust-3.5.2.tar.gz
==> Validating source files with sha256sums...
    wallust-3.5.2.tar.gz ... Passed
==> Removing existing $srcdir/ directory...
==> Extracting sources...
  -> Extracting wallust-3.5.2.tar.gz with bsdtar
==> Starting prepare()...
    Updating crates.io index
 Downloading crates ...
  Downloaded itoa v1.0.17
  Downloaded serde_core v1.0.228
  Downloaded zune-inflate v0.2.54
  Downloaded derive_builder_macro v0.20.2
  Downloaded byteorder-lite v0.1.0
  Downloaded tinytemplate v1.2.1
  Downloaded potential_utf v0.1.4
  Downloaded zerofrom v0.1.6
  Downloaded num_threads v0.1.7
  Downloaded fnv v1.0.7
  Downloaded ident_case v1.0.1
  Downloaded percent-encoding v2.3.2
  Downloaded yoke-derive v0.8.1
  Downloaded num-conv v0.1.0
  Downloaded anstyle-query v1.1.5
  Downloaded utf8_iter v1.0.4
  Downloaded phf_shared v0.12.1
  Downloaded stable_deref_trait v1.2.1
  Downloaded utf8parse v0.2.2
  Downloaded equivalent v1.0.2
  Downloaded zerofrom-derive v0.1.6
  Downloaded colorchoice v1.0.4
  Downloaded same-file v1.0.6
  Downloaded time-core v0.1.7
  Downloaded form_urlencoded v1.2.2
  Downloaded powerfmt v0.2.0
  Downloaded clap_lex v0.7.7
  Downloaded avif-serialize v0.8.6
  Downloaded page_size v0.6.0
  Downloaded anstyle-parse v0.2.7
  Downloaded glob v0.3.3
  Downloaded option-ext v0.2.0
  Downloaded darling_macro v0.20.11
  Downloaded zmij v1.0.15
  Downloaded quote v1.0.43
  Downloaded zerovec-derive v0.11.2
  Downloaded walkdir v2.5.0
  Downloaded vergen-git2 v1.0.7
  Downloaded synstructure v0.13.2
  Downloaded cargo-platform v0.3.2
  Downloaded vergen-lib v0.1.6
  Downloaded displaydoc v0.2.5
  Downloaded yoke v0.8.1
  Downloaded plotters-backend v0.3.7
  Downloaded thiserror-impl v2.0.18
  Downloaded find-msvc-tools v0.1.8
  Downloaded by_address v1.2.1
  Downloaded writeable v0.6.2
  Downloaded idna_adapter v1.2.1
  Downloaded semver v1.0.27
  Downloaded clap_mangen v0.2.31
  Downloaded ciborium-io v0.2.2
  Downloaded phf_generator v0.12.1
  Downloaded dirs-sys v0.5.0
  Downloaded ref-cast v1.0.25
  Downloaded color_quant v1.1.0
  Downloaded errno v0.3.14
  Downloaded cargo_metadata v0.23.1
  Downloaded deranged v0.5.5
  Downloaded jobserver v0.1.34
  Downloaded derive_builder_core v0.20.2
  Downloaded shlex v1.3.0
  Downloaded time-macros v0.2.25
  Downloaded lebe v0.5.3
  Downloaded dunce v1.0.5
  Downloaded strsim v0.11.1
  Downloaded serde_spanned v1.0.4
  Downloaded pkg-config v0.3.32
  Downloaded rustversion v1.0.22
  Downloaded foldhash v0.2.0
  Downloaded toml_datetime v0.7.5+spec-1.1.0
  Downloaded cast v0.3.0
  Downloaded plotters-svg v0.3.7
  Downloaded documented-macros v0.9.2
  Downloaded documented v0.9.2
  Downloaded lazy_static v1.5.0
  Downloaded siphasher v1.0.1
  Downloaded document-features v0.2.12
  Downloaded tinystr v0.8.2
  Downloaded is_terminal_polyfill v1.70.2
  Downloaded bit_field v0.10.3
  Downloaded maplit v1.0.2
  Downloaded fastrand v2.3.0
  Downloaded derive_builder v0.20.2
  Downloaded thiserror v2.0.18
  Downloaded spinners v4.1.1
  Downloaded ciborium-ll v0.2.2
  Downloaded toml_parser v1.0.6+spec-1.1.0
  Downloaded litemap v0.8.1
  Downloaded serde_derive v1.0.228
  Downloaded roff v0.2.2
  Downloaded vergen-lib v9.1.0
  Downloaded maybe-rayon v0.1.1
  Downloaded proc-macro2 v1.0.105
  Downloaded loop9 v0.1.5
  Downloaded num-derive v0.4.2
  Downloaded equator-macro v0.4.2
  Downloaded fax_derive v0.2.0
  Downloaded dirs v6.0.0
  Downloaded camino v1.2.2
  Downloaded toml_writer v1.0.6+spec-1.1.0
  Downloaded smallvec v1.15.1
  Downloaded darling v0.20.11
  Downloaded unicode-ident v1.0.22
  Downloaded tempfile v3.24.0
  Downloaded bitflags v2.10.0
  Downloaded vergen v9.1.0
  Downloaded heck v0.5.0
  Downloaded simd_helpers v0.1.0
  Downloaded pastey v0.1.1
  Downloaded crossbeam-deque v0.8.6
  Downloaded strum v0.24.1
  Downloaded v_frame v0.3.9
  Downloaded toml v0.9.11+spec-1.1.0
  Downloaded paste v1.0.15
  Downloaded zune-core v0.4.12
  Downloaded ref-cast-impl v1.0.25
  Downloaded aligned v0.4.3
  Downloaded profiling v1.0.17
  Downloaded quick-error v2.0.1
  Downloaded memo-map v0.3.3
  Downloaded aligned-vec v0.6.4
  Downloaded cfg-if v1.0.4
  Downloaded new_debug_unreachable v1.0.6
  Downloaded noop_proc_macro v0.3.0
  Downloaded profiling-procmacros v1.0.17
  Downloaded approx v0.5.1
  Downloaded y4m v0.8.0
  Downloaded anyhow v1.0.100
  Downloaded icu_provider v2.1.1
  Downloaded heck v0.4.1
  Downloaded strum v0.27.2
  Downloaded log v0.4.29
  Downloaded oorandom v11.1.5
  Downloaded darling_core v0.20.11
  Downloaded kmeans_colors v0.7.1
  Downloaded wasm-bindgen v0.2.108
  Downloaded as-slice v0.2.1
  Downloaded num-integer v0.1.46
  Downloaded av1-grain v0.2.5
  Downloaded crossbeam-epoch v0.9.18
  Downloaded equator v0.4.2
  Downloaded anstyle v1.0.13
  Downloaded self_cell v1.2.2
  Downloaded num-rational v0.4.2
  Downloaded icu_properties v2.1.2
  Downloaded alloca v0.4.0
  Downloaded wasm-bindgen-macro v0.2.108
  Downloaded adler2 v2.0.1
  Downloaded arg_enum_proc_macro v0.3.4
  Downloaded wasm-bindgen-shared v0.2.108
  Downloaded zerotrie v0.2.3
  Downloaded icu_locale_core v2.1.1
  Downloaded toml_edit v0.24.0+spec-1.1.0
  Downloaded criterion-plot v0.8.1
  Downloaded phf_macros v0.12.1
  Downloaded anstream v0.6.21
  Downloaded icu_normalizer_data v2.1.1
  Downloaded icu_normalizer v2.1.1
  Downloaded half v2.7.1
  Downloaded wallust_themes v1.1.0
  Downloaded serde v1.0.228
  Downloaded url v2.5.8
  Downloaded fax v0.2.6
  Downloaded crossbeam-utils v0.8.21
  Downloaded built v0.8.0
  Downloaded ravif v0.12.0
  Downloaded icu_collections v2.1.1
  Downloaded cc v1.2.53
  Downloaded optfield v0.4.0
  Downloaded convert_case v0.8.0
  Downloaded bitstream-io v4.9.0
  Downloaded rand_core v0.9.5
  Downloaded fast-srgb8 v1.0.0
  Downloaded rgb v0.8.52
  Downloaded autocfg v1.5.0
  Downloaded serde_derive_internals v0.29.1
  Downloaded bytemuck v1.24.0
  Downloaded core2 v0.4.0
  Downloaded schemars_derive v1.2.0
  Downloaded strum_macros v0.24.3
  Downloaded dyn-clone v1.0.20
  Downloaded palette_derive v0.7.6
  Downloaded shellexpand v3.1.1
  Downloaded anes v0.1.6
  Downloaded strum_macros v0.27.2
  Downloaded either v1.15.0
  Downloaded rand_chacha v0.9.0
  Downloaded once_cell v1.21.3
  Downloaded qoi v0.4.1
  Downloaded indexmap v2.13.0
  Downloaded memchr v2.7.6
  Downloaded bumpalo v3.19.1
  Downloaded imgref v1.12.0
  Downloaded phf v0.12.1
  Downloaded simd-adler32 v0.3.8
  Downloaded zerovec v0.11.5
  Downloaded clap_derive v4.5.49
  Downloaded num-bigint v0.4.6
  Downloaded arrayvec v0.7.6
  Downloaded zune-core v0.5.1
  Downloaded ciborium v0.2.2
  Downloaded owo-colors v4.2.3
  Downloaded ppv-lite86 v0.2.21
  Downloaded idna v1.1.0
  Downloaded gif v0.14.1
  Downloaded hashbrown v0.16.1
  Downloaded num-traits v0.2.19
  Downloaded clap v4.5.54
  Downloaded litrs v1.0.0
  Downloaded serde_json v1.0.149
  Downloaded weezl v0.1.12
  Downloaded png v0.18.0
  Downloaded regex v1.12.2
  Downloaded fdeflate v0.3.7
  Downloaded getrandom v0.3.4
  Downloaded icu_properties_data v2.1.2
  Downloaded crc32fast v1.5.0
  Downloaded image-webp v0.2.4
  Downloaded wasm-bindgen-macro-support v0.2.108
  Downloaded clap_complete v4.5.65
  Downloaded zune-jpeg v0.4.21
  Downloaded aho-corasick v1.1.4
  Downloaded miniz_oxide v0.8.9
  Downloaded nom v8.0.0
  Downloaded rayon-core v1.13.0
  Downloaded unicode-segmentation v1.12.0
  Downloaded zerocopy-derive v0.8.33
  Downloaded schemars v1.2.0
  Downloaded winnow v0.7.14
  Downloaded flate2 v1.1.8
  Downloaded rand v0.9.2
  Downloaded criterion v0.8.1
  Downloaded zune-jpeg v0.5.10
  Downloaded git2 v0.20.3
  Downloaded time v0.3.45
  Downloaded rayon v1.11.0
  Downloaded plotters v0.3.7
  Downloaded fast_image_resize v6.0.0
  Downloaded vcpkg v0.2.15
  Downloaded itertools v0.13.0
  Downloaded clap_builder v4.5.54
  Downloaded moxcms v0.7.11
  Downloaded itertools v0.14.0
  Downloaded syn v2.0.114
  Downloaded minijinja v2.14.0
  Downloaded image v0.25.9
  Downloaded palette v0.7.6
  Downloaded syn v1.0.109
  Downloaded exr v1.74.0
  Downloaded regex-syntax v0.8.8
  Downloaded zerocopy v0.8.33
  Downloaded rustix v1.1.3
  Downloaded av-scenechange v0.14.1
  Downloaded regex-automata v0.4.13
  Downloaded pxfm v0.1.27
  Downloaded libc v0.2.180
  Downloaded libz-sys v1.1.23
  Downloaded tiff v0.10.3
  Downloaded rav1e v0.8.1
  Downloaded libgit2-sys v0.18.3+1.9.2
  Downloaded linux-raw-sys v0.11.0
==> Sources are ready.
wallust-3.5.2-1: parsing pkg list...
==> Making package: wallust 3.5.2-1 (Sat 13 Jun 2026 15:11:23)
==> Checking runtime dependencies...
==> Checking buildtime dependencies...
==> WARNING: Using existing $srcdir/ tree
==> Starting build()...
   Compiling proc-macro2 v1.0.105
   Compiling quote v1.0.43
   Compiling unicode-ident v1.0.22
   Compiling libc v0.2.180
   Compiling rustversion v1.0.22
   Compiling stable_deref_trait v1.2.1
   Compiling serde v1.0.228
   Compiling serde_core v1.0.228
   Compiling zmij v1.0.15
   Compiling cfg-if v1.0.4
   Compiling autocfg v1.5.0
   Compiling thiserror v2.0.18
   Compiling anyhow v1.0.100
   Compiling memchr v2.7.6
   Compiling crossbeam-utils v0.8.21
   Compiling fnv v1.0.7
   Compiling serde_json v1.0.149
   Compiling itoa v1.0.17
   Compiling ident_case v1.0.1
   Compiling strsim v0.11.1
   Compiling find-msvc-tools v0.1.8
   Compiling shlex v1.3.0
   Compiling litemap v0.8.1
   Compiling writeable v0.6.2
   Compiling pkg-config v0.3.32
   Compiling zerocopy v0.8.33
   Compiling syn v2.0.114
   Compiling icu_properties_data v2.1.2
   Compiling icu_normalizer_data v2.1.1
   Compiling num-traits v0.2.19
   Compiling crossbeam-epoch v0.9.18
   Compiling jobserver v0.1.34
   Compiling vcpkg v0.2.15
   Compiling rayon-core v1.13.0
   Compiling crossbeam-deque v0.8.6
   Compiling cc v1.2.53
   Compiling smallvec v1.15.1
   Compiling simd-adler32 v0.3.8
   Compiling num-integer v0.1.46
   Compiling camino v1.2.2
   Compiling either v1.15.0
   Compiling num-bigint v0.4.6
   Compiling vergen-lib v9.1.0
   Compiling aho-corasick v1.1.4
   Compiling crc32fast v1.5.0
   Compiling getrandom v0.3.4
   Compiling utf8_iter v1.0.4
   Compiling percent-encoding v2.3.2
   Compiling adler2 v2.0.1
   Compiling heck v0.5.0
   Compiling arrayvec v0.7.6
   Compiling regex-syntax v0.8.8
   Compiling miniz_oxide v0.8.9
   Compiling form_urlencoded v1.2.2
   Compiling as-slice v0.2.1
   Compiling semver v1.0.27
   Compiling cargo-platform v0.3.2
   Compiling num-rational v0.4.2
   Compiling rayon v1.11.0
   Compiling vergen v9.1.0
   Compiling vergen-lib v0.1.6
   Compiling syn v1.0.109
   Compiling log v0.4.29
   Compiling av-scenechange v0.14.1
   Compiling powerfmt v0.2.0
   Compiling siphasher v1.0.1
   Compiling built v0.8.0
   Compiling paste v1.0.15
   Compiling phf_shared v0.12.1
   Compiling deranged v0.5.5
   Compiling synstructure v0.13.2
   Compiling darling_core v0.20.11
   Compiling regex-automata v0.4.13
   Compiling aligned v0.4.3
   Compiling nom v8.0.0
   Compiling core2 v0.4.0
   Compiling vergen-git2 v1.0.7
   Compiling fastrand v2.3.0
   Compiling pastey v0.1.1
   Compiling clap_lex v0.7.7
   Compiling y4m v0.8.0
   Compiling num-conv v0.1.0
   Compiling quick-error v2.0.1
   Compiling num_threads v0.1.7
   Compiling time-core v0.1.7
   Compiling rav1e v0.8.1
   Compiling anstyle v1.0.13
   Compiling foldhash v0.2.0
   Compiling utf8parse v0.2.2
   Compiling bitflags v2.10.0
   Compiling clap_builder v4.5.54
   Compiling anstyle-parse v0.2.7
   Compiling hashbrown v0.16.1
   Compiling time v0.3.45
   Compiling regex v1.12.2
   Compiling maybe-rayon v0.1.1
   Compiling phf_generator v0.12.1
   Compiling bitstream-io v4.9.0
   Compiling rand_core v0.9.5
   Compiling flate2 v1.1.8
   Compiling simd_helpers v0.1.0
   Compiling itertools v0.14.0
   Compiling libz-sys v1.1.23
   Compiling libgit2-sys v0.18.3+1.9.2
   Compiling winnow v0.7.14
   Compiling weezl v0.1.12
   Compiling anstyle-query v1.1.5
   Compiling palette v0.7.6
   Compiling colorchoice v1.0.4
   Compiling new_debug_unreachable v1.0.6
   Compiling is_terminal_polyfill v1.70.2
   Compiling zune-core v0.4.12
   Compiling unicode-segmentation v1.12.0
   Compiling by_address v1.2.1
   Compiling imgref v1.12.0
   Compiling noop_proc_macro v0.3.0
   Compiling option-ext v0.2.0
   Compiling heck v0.4.1
   Compiling convert_case v0.8.0
   Compiling loop9 v0.1.5
   Compiling dirs-sys v0.5.0
   Compiling anstream v0.6.21
   Compiling zune-jpeg v0.4.21
   Compiling toml_parser v1.0.6+spec-1.1.0
   Compiling clap v4.5.54
   Compiling toml_datetime v0.7.5+spec-1.1.0
   Compiling avif-serialize v0.8.6
   Compiling pxfm v0.1.27
   Compiling zune-inflate v0.2.54
   Compiling fdeflate v0.3.7
   Compiling fast-srgb8 v1.0.0
   Compiling lebe v0.5.3
   Compiling zune-core v0.5.1
   Compiling equivalent v1.0.2
   Compiling byteorder-lite v0.1.0
   Compiling bit_field v0.10.3
   Compiling toml_writer v1.0.6+spec-1.1.0
   Compiling litrs v1.0.0
   Compiling owo-colors v4.2.3
   Compiling color_quant v1.1.0
   Compiling bytemuck v1.24.0
   Compiling rgb v0.8.52
   Compiling gif v0.14.1
   Compiling png v0.18.0
   Compiling qoi v0.4.1
   Compiling image-webp v0.2.4
   Compiling document-features v0.2.12
   Compiling moxcms v0.7.11
   Compiling zune-jpeg v0.5.10
   Compiling indexmap v2.13.0
   Compiling dirs v6.0.0
   Compiling serde_spanned v1.0.4
   Compiling same-file v1.0.6
   Compiling lazy_static v1.5.0
   Compiling memo-map v0.3.3
   Compiling maplit v1.0.2
   Compiling self_cell v1.2.2
   Compiling walkdir v2.5.0
   Compiling toml v0.9.11+spec-1.1.0
   Compiling toml_edit v0.24.0+spec-1.1.0
   Compiling shellexpand v3.1.1
   Compiling glob v0.3.3
   Compiling dunce v1.0.5
   Compiling strum_macros v0.24.3
   Compiling zerofrom-derive v0.1.6
   Compiling yoke-derive v0.8.1
   Compiling zerovec-derive v0.11.2
   Compiling serde_derive v1.0.228
   Compiling displaydoc v0.2.5
   Compiling thiserror-impl v2.0.18
   Compiling darling_macro v0.20.11
   Compiling zerocopy-derive v0.8.33
   Compiling equator-macro v0.4.2
   Compiling arg_enum_proc_macro v0.3.4
   Compiling profiling-procmacros v1.0.17
   Compiling darling v0.20.11
   Compiling derive_builder_core v0.20.2
   Compiling profiling v1.0.17
   Compiling fax_derive v0.2.0
   Compiling num-derive v0.4.2
   Compiling strum_macros v0.27.2
   Compiling equator v0.4.2
   Compiling aligned-vec v0.6.4
   Compiling v_frame v0.3.9
   Compiling av1-grain v0.2.5
   Compiling phf_macros v0.12.1
   Compiling palette_derive v0.7.6
   Compiling optfield v0.4.0
   Compiling fax v0.2.6
   Compiling strum v0.24.1
   Compiling clap_derive v4.5.49
   Compiling spinners v4.1.1
   Compiling phf v0.12.1
   Compiling fast_image_resize v6.0.0
   Compiling derive_builder_macro v0.20.2
   Compiling zerofrom v0.1.6
   Compiling yoke v0.8.1
   Compiling zerovec v0.11.5
   Compiling zerotrie v0.2.3
   Compiling half v2.7.1
   Compiling ppv-lite86 v0.2.21
   Compiling exr v1.74.0
   Compiling tiff v0.10.3
   Compiling tinystr v0.8.2
   Compiling potential_utf v0.1.4
   Compiling icu_locale_core v2.1.1
   Compiling icu_collections v2.1.1
   Compiling derive_builder v0.20.2
   Compiling icu_provider v2.1.1
   Compiling icu_properties v2.1.2
   Compiling icu_normalizer v2.1.1
   Compiling wallust_themes v1.1.0
   Compiling cargo_metadata v0.23.1
   Compiling idna_adapter v1.2.1
   Compiling idna v1.1.0
   Compiling rand_chacha v0.9.0
   Compiling ravif v0.12.0
   Compiling url v2.5.8
   Compiling strum v0.27.2
   Compiling documented-macros v0.9.2
   Compiling git2 v0.20.3
   Compiling rand v0.9.2
   Compiling image v0.25.9
   Compiling minijinja v2.14.0
   Compiling kmeans_colors v0.7.1
   Compiling wallust v3.5.2 (/home/imad/.cache/paru/clone/wallust/src/wallust)
   Compiling documented v0.9.2
    Finished `release` profile [optimized] target(s) in 4m 20s
==> Entering fakeroot environment...
==> Starting package()...
==> Tidying install...
  -> Removing libtool files...
  -> Removing static library files...
  -> Purging unwanted files...
  -> Stripping unneeded symbols from binaries and libraries...
  -> Compressing man and info pages...
==> Checking for packaging issues...
==> Creating package "wallust"...
  -> Generating .PKGINFO file...
  -> Generating .BUILDINFO file...
  -> Generating .MTREE file...
  -> Compressing package...
==> Leaving fakeroot environment.
==> Finished making: wallust 3.5.2-1 (Sat 13 Jun 2026 15:15:47)
==> Cleaning up...
loading packages...
resolving dependencies...
looking for conflicting packages...

Package (1)  New Version  Net Change

wallust      3.5.2-1        5.77 MiB

Total Installed Size:  5.77 MiB

:: Proceed with installation? [Y/n] 
checking keyring...
checking package integrity...
loading package files...
checking for file conflicts...
checking available disk space...
:: Running pre-transaction hooks...
(1/2) Performing snapper pre snapshots for the following configurations...
==> root: 55
(2/2) Waiting for limine-snapper-sync to finish...
:: Processing package changes...
installing wallust...
Optional dependencies for wallust
    imagemagick [installed]
:: Running post-transaction hooks...
(1/2) Arming ConditionNeedsUpdate...
(2/2) Performing snapper post snapshots for the following configurations...
==> root: 56
resolving dependencies...
looking for conflicting packages...

Package (11)                      New Version  Net Change  Download Size

cachyos-extra-v3/atkmm            2.28.5-2.1     0.56 MiB       0.11 MiB
cachyos-extra-v3/cairomm          1.14.6-1.1     0.40 MiB       0.09 MiB
cachyos-extra-v3/glibmm           2.66.8-2.1     5.99 MiB       1.04 MiB
cachyos-extra-v3/gpsd             3.27.5-1.1     5.39 MiB       1.17 MiB
cachyos-extra-v3/gtk-layer-shell  0.10.1-1.1     0.39 MiB       0.07 MiB
cachyos-extra-v3/gtkmm3           3.24.11-1.1    9.43 MiB       1.44 MiB
cachyos-extra-v3/libmpdclient     2.23-1.1       0.36 MiB       0.08 MiB
cachyos-extra-v3/libsigc++        2.12.2-1.1     1.14 MiB       0.07 MiB
cachyos-extra-v3/pangomm          2.46.4-3.1     0.49 MiB       0.10 MiB
cachyos-extra-v3/pps-tools        1.0.3-2.1      0.06 MiB       0.01 MiB
cachyos-extra-v3/waybar           0.15.0-2.1     2.59 MiB       0.97 MiB

Total Download Size:    5.14 MiB
Total Installed Size:  26.81 MiB

:: Proceed with installation? [Y/n] 
:: Retrieving packages...
 gtkmm3-3.24.11-1.1-x86_64_v3 downloading...
 gpsd-3.27.5-1.1-x86_64_v3 downloading...
 glibmm-2.66.8-2.1-x86_64_v3 downloading...
 waybar-0.15.0-2.1-x86_64_v3 downloading...
 atkmm-2.28.5-2.1-x86_64_v3 downloading...
 pangomm-2.46.4-3.1-x86_64_v3 downloading...
 cairomm-1.14.6-1.1-x86_64_v3 downloading...
 libmpdclient-2.23-1.1-x86_64_v3 downloading...
 gtk-layer-shell-0.10.1-1.1-x86_64_v3 downloading...
 libsigc++-2.12.2-1.1-x86_64_v3 downloading...
 pps-tools-1.0.3-2.1-x86_64 downloading...
error: failed retrieving file 'libsigc++-2.12.2-1.1-x86_64_v3.pkg.tar.zst' from cdn77.cachyos.org : The requested URL returned error: 404
checking keyring...
checking package integrity...
loading package files...
checking for file conflicts...
checking available disk space...
:: Running pre-transaction hooks...
(1/2) Performing snapper pre snapshots for the following configurations...
==> root: 57
(2/2) Waiting for limine-snapper-sync to finish...
:: Processing package changes...
installing libsigc++...
installing glibmm...
installing atkmm...
installing cairomm...
installing pps-tools...
installing gpsd...
Optional dependencies for gpsd
    gtk3: GUI frontends [installed]
    php: generate a PHP status page for your GPS
    php-gd: image support for the PHP status page
    python-cairo: GUI frontends [installed]
    python-gobject: GUI frontends [installed]
    python-pyserial: GUI frontends
    qt5-base: for Qgpsmm [installed]
installing gtk-layer-shell...
installing pangomm...
installing gtkmm3...
installing libmpdclient...
installing waybar...
Optional dependencies for waybar
    otf-font-awesome: Icons in the default configuration
:: Running post-transaction hooks...
(1/6) Reloading system manager configuration...
(2/6) Reloading user manager configuration...
(3/6) Reloading device manager configuration...
(4/6) Arming ConditionNeedsUpdate...
(5/6) Updating the desktop file MIME type cache...
(6/6) Performing snapper post snapshots for the following configurations...
==> root: 58
resolving dependencies...
looking for conflicting packages...

Package (14)                            New Version  Net Change  Download Size

cachyos-extra-v3/gobject-introspection  1.86.0-2.1     3.12 MiB       0.52 MiB
extra/python-autocommand                2.2.2-9        0.08 MiB       0.02 MiB
extra/python-jaraco.collections         5.1.0-3        0.11 MiB       0.02 MiB
extra/python-jaraco.context             6.1.2-1        0.06 MiB       0.02 MiB
extra/python-jaraco.functools           4.1.0-3        0.07 MiB       0.02 MiB
extra/python-jaraco.text                4.0.0-4        0.08 MiB       0.02 MiB
extra/python-mako                       1.3.11-1       0.98 MiB       0.17 MiB
extra/python-markdown                   3.10.2-1       1.13 MiB       0.19 MiB
extra/python-more-itertools             11.1.0-1       0.77 MiB       0.13 MiB
extra/python-pkg_resources              81.0.0-1       0.50 MiB       0.09 MiB
extra/python-platformdirs               4.10.0-1       0.45 MiB       0.05 MiB
extra/python-setuptools                 1:82.0.1-1     7.35 MiB       1.18 MiB
extra/python-wheel                      0.47.0-1       0.33 MiB       0.07 MiB
cachyos/wlogout                         1.2.2-0        0.12 MiB       0.09 MiB

Total Download Size:    2.58 MiB
Total Installed Size:  15.14 MiB

:: Proceed with installation? [Y/n] 
:: Retrieving packages...
 python-setuptools-1:82.0.1-1-any downloading...
 gobject-introspection-1.86.0-2.1-x86_64_v3 downloading...
 python-markdown-3.10.2-1-any downloading...
 python-mako-1.3.11-1-any downloading...
 python-more-itertools-11.1.0-1-any downloading...
 wlogout-1.2.2-0-x86_64 downloading...
 python-pkg_resources-81.0.0-1-any downloading...
 python-wheel-0.47.0-1-any downloading...
 python-platformdirs-4.10.0-1-any downloading...
 python-autocommand-2.2.2-9-any downloading...
 python-jaraco.collections-5.1.0-3-any downloading...
 python-jaraco.text-4.0.0-4-any downloading...
 python-jaraco.functools-4.1.0-3-any downloading...
 python-jaraco.context-6.1.2-1-any downloading...
checking keyring...
checking package integrity...
loading package files...
checking for file conflicts...
checking available disk space...
:: Running pre-transaction hooks...
(1/2) Performing snapper pre snapshots for the following configurations...
==> root: 59
(2/2) Waiting for limine-snapper-sync to finish...
:: Processing package changes...
installing python-mako...
Optional dependencies for python-mako
    python-babel: for i18n features
    python-beaker: for caching support
    python-dogpile.cache: for caching support
    python-pygments: for syntax highlighting
    python-pytest: for testing utilities
installing python-markdown...
Optional dependencies for python-markdown
    python-yaml: parse Python in YAML metadata
    python-pygments: Code highlighting
installing python-more-itertools...
installing python-jaraco.functools...
installing python-jaraco.context...
installing python-autocommand...
installing python-jaraco.text...
Optional dependencies for python-jaraco.text
    python-inflect: for show-newlines script
installing python-jaraco.collections...
installing python-platformdirs...
installing python-wheel...
Optional dependencies for python-wheel
    python-keyring: for wheel.signatures
    python-xdg: for wheel.signatures
    python-setuptools: for legacy bdist_wheel subcommand [pending]
installing python-pkg_resources...
installing python-setuptools...
installing gobject-introspection...
installing wlogout...
:: Running post-transaction hooks...
(1/2) Arming ConditionNeedsUpdate...
(2/2) Performing snapper post snapshots for the following configurations...
==> root: 60
resolving dependencies...
looking for conflicting packages...

Package (12)                     New Version                  Net Change  Download Size

cachyos-extra-v3/enchant         2.8.15-2.1                     0.27 MiB       0.07 MiB
cachyos-extra-v3/gspell          1.14.3-1.1                     0.45 MiB       0.10 MiB
cachyos-extra-v3/gtksourceview3  1:3.24.11+r30+gd880929f-1.1    3.94 MiB       0.61 MiB
cachyos-extra-v3/harfbuzz-icu    14.2.1-1.1                     0.02 MiB       0.01 MiB
cachyos-extra-v3/hyphen          2.8.9-1.1                      0.04 MiB       0.02 MiB
cachyos-extra-v3/libavif         1.4.2-1.1                      0.97 MiB       0.35 MiB
cachyos-extra-v3/libmanette      0.2.13-2.1                     0.40 MiB       0.06 MiB
cachyos-extra-v3/libyuv          r2426+464c51a03-1.1            3.08 MiB       0.55 MiB
extra/webkit2gtk-4.1             2.52.4-1                     133.08 MiB      35.74 MiB
cachyos-extra-v3/woff2           1.0.2-6.1                      0.19 MiB       0.06 MiB
cachyos-extra-v3/xdg-dbus-proxy  0.1.7-1.1                      0.06 MiB       0.03 MiB
cachyos-extra-v3/yad             14.2-1.1                       0.59 MiB       0.20 MiB

Total Download Size:    37.79 MiB
Total Installed Size:  143.08 MiB

:: Proceed with installation? [Y/n] 
:: Retrieving packages...
 webkit2gtk-4.1-2.52.4-1-x86_64 downloading...
 gtksourceview3-1:3.24.11+r30+gd880929f-1.1-x86_64_v3 downloading...
 libyuv-r2426+464c51a03-1.1-x86_64 downloading...
 libavif-1.4.2-1.1-x86_64_v3 downloading...
 yad-14.2-1.1-x86_64_v3 downloading...
 gspell-1.14.3-1.1-x86_64_v3 downloading...
 enchant-2.8.15-2.1-x86_64_v3 downloading...
 woff2-1.0.2-6.1-x86_64_v3 downloading...
 libmanette-0.2.13-2.1-x86_64_v3 downloading...
 xdg-dbus-proxy-0.1.7-1.1-x86_64_v3 downloading...
 hyphen-2.8.9-1.1-x86_64_v3 downloading...
 harfbuzz-icu-14.2.1-1.1-x86_64_v3 downloading...
error: failed retrieving file 'gtksourceview3-1:3.24.11+r30+gd880929f-1.1-x86_64_v3.pkg.tar.zst' from cdn77.cachyos.org : The requested URL returned error: 404
error: failed retrieving file 'libyuv-r2426+464c51a03-1.1-x86_64.pkg.tar.zst' from cdn77.cachyos.org : The requested URL returned error: 404
checking keyring...
checking package integrity...
loading package files...
checking for file conflicts...
checking available disk space...
:: Running pre-transaction hooks...
(1/2) Performing snapper pre snapshots for the following configurations...
==> root: 61
(2/2) Waiting for limine-snapper-sync to finish...
:: Processing package changes...
installing enchant...
Optional dependencies for enchant
    aspell: for aspell based spell checking support
    hspell: for hspell based spell checking support
    hunspell: for hunspell based spell checking support [installed]
    libvoikko: for libvoikko based spell checking support
    nuspell: for nuspell based spell checking support
installing harfbuzz-icu...
installing hyphen...
installing libyuv...
installing libavif...
installing libmanette...
installing woff2...
installing xdg-dbus-proxy...
installing webkit2gtk-4.1...
Optional dependencies for webkit2gtk-4.1
    geoclue: Geolocation support
    gst-libav: nonfree media decoding [installed]
    gst-plugins-bad: media decoding [installed]
    gst-plugins-good: media decoding
installing gtksourceview3...
installing gspell...
installing yad...
:: Running post-transaction hooks...
(1/5) Arming ConditionNeedsUpdate...
(2/5) Compiling GSettings XML schema files...
(3/5) Updating icon theme caches...
(4/5) Updating the desktop file MIME type cache...
(5/5) Performing snapper post snapshots for the following configurations...
==> root: 62
resolving dependencies...
looking for conflicting packages...

Package (3)         New Version  Net Change  Download Size

extra/python-dbus   1.4.0-2        0.62 MiB       0.12 MiB
extra/python-pyxdg  0.28-7         0.58 MiB       0.10 MiB
extra/uwsm          0.26.4-1       0.32 MiB       0.08 MiB

Total Download Size:   0.30 MiB
Total Installed Size:  1.52 MiB

:: Proceed with installation? [Y/n] 
:: Retrieving packages...
 python-dbus-1.4.0-2-x86_64 downloading...
 python-pyxdg-0.28-7-any downloading...
 uwsm-0.26.4-1-any downloading...
checking keyring...
checking package integrity...
loading package files...
checking for file conflicts...
checking available disk space...
:: Running pre-transaction hooks...
(1/2) Performing snapper pre snapshots for the following configurations...
==> root: 63
(2/2) Waiting for limine-snapper-sync to finish...
:: Processing package changes...
installing python-pyxdg...
installing python-dbus...
Optional dependencies for python-dbus
    python-gobject: D-Bus services via PyGI [installed]
installing uwsm...
Optional dependencies for uwsm
    bemenu: optional picker for uuctl support
    dmenu: optional picker for uuctl support
    fuzzel: optional picker for uuctl support
    libnewt: for "uwsm start select" [installed]
    libnotify: for feeback from "uswm app" commands or fmon service [installed]
    rofi-wayland: optional picker for uuctl support [installed]
    wmenu: optional picker for uuctl support
    wofi: optional picker for uuctl support
:: Running post-transaction hooks...
(1/4) Reloading user manager configuration...
(2/4) Arming ConditionNeedsUpdate...
(3/4) Updating the desktop file MIME type cache...
(4/4) Performing snapper post snapshots for the following configurations...
==> root: 64
resolving dependencies...
looking for conflicting packages...

Package (1)                  New Version  Net Change  Download Size

cachyos-extra-v3/hyprsunset  0.3.3-7.1      0.26 MiB       0.10 MiB

Total Download Size:   0.10 MiB
Total Installed Size:  0.26 MiB

:: Proceed with installation? [Y/n] 
:: Retrieving packages...
 hyprsunset-0.3.3-7.1-x86_64_v3 downloading...
checking keyring...
checking package integrity...
loading package files...
checking for file conflicts...
checking available disk space...
:: Running pre-transaction hooks...
(1/2) Performing snapper pre snapshots for the following configurations...
==> root: 65
(2/2) Waiting for limine-snapper-sync to finish...
:: Processing package changes...
installing hyprsunset...
:: Running post-transaction hooks...
(1/3) Reloading user manager configuration...
(2/3) Arming ConditionNeedsUpdate...
(3/3) Performing snapper post snapshots for the following configurations...
==> root: 66
resolving dependencies...
looking for conflicting packages...

Package (1)               New Version  Net Change  Download Size

cachyos-extra-v3/git-lfs  3.7.1-1.1     12.54 MiB       4.13 MiB

Total Download Size:    4.13 MiB
Total Installed Size:  12.54 MiB

:: Proceed with installation? [Y/n] 
:: Retrieving packages...
 git-lfs-3.7.1-1.1-x86_64_v3 downloading...
checking keyring...
checking package integrity...
loading package files...
checking for file conflicts...
checking available disk space...
:: Running pre-transaction hooks...
(1/2) Performing snapper pre snapshots for the following configurations...
==> root: 67
(2/2) Waiting for limine-snapper-sync to finish...
:: Processing package changes...
installing git-lfs...
:: Running post-transaction hooks...
(1/2) Arming ConditionNeedsUpdate...
(2/2) Performing snapper post snapshots for the following configurations...
==> root: 68
resolving dependencies...
looking for conflicting packages...

Package (1)          New Version  Net Change  Download Size

extra/brightnessctl  0.5.1-3        0.03 MiB       0.01 MiB

Total Download Size:   0.01 MiB
Total Installed Size:  0.03 MiB

:: Proceed with installation? [Y/n] 
:: Retrieving packages...
 brightnessctl-0.5.1-3-x86_64 downloading...
checking keyring...
checking package integrity...
loading package files...
checking for file conflicts...
checking available disk space...
:: Running pre-transaction hooks...
(1/2) Performing snapper pre snapshots for the following configurations...
==> root: 69
(2/2) Waiting for limine-snapper-sync to finish...
:: Processing package changes...
installing brightnessctl...
:: Running post-transaction hooks...
(1/2) Arming ConditionNeedsUpdate...
(2/2) Performing snapper post snapshots for the following configurations...
==> root: 70
resolving dependencies...
looking for conflicting packages...

Package (2)                 New Version  Net Change  Download Size

cachyos-extra-v3/iniparser  4.2.6-2.1      0.05 MiB       0.02 MiB
cachyos-extra-v3/cava       0.10.7-1.1     0.22 MiB       0.08 MiB

Total Download Size:   0.10 MiB
Total Installed Size:  0.28 MiB

:: Proceed with installation? [Y/n] 
:: Retrieving packages...
 cava-0.10.7-1.1-x86_64_v3 downloading...
 iniparser-4.2.6-2.1-x86_64_v3 downloading...
checking keyring...
checking package integrity...
loading package files...
checking for file conflicts...
checking available disk space...
:: Running pre-transaction hooks...
(1/2) Performing snapper pre snapshots for the following configurations...
==> root: 71
(2/2) Waiting for limine-snapper-sync to finish...
:: Processing package changes...
installing iniparser...
installing cava...
:: Running post-transaction hooks...
(1/2) Arming ConditionNeedsUpdate...
(2/2) Performing snapper post snapshots for the following configurations...
==> root: 72
resolving dependencies...
:: There are 4 providers available for geocode-glib-2:
:: Repository cachyos-v3
   1) geocode-glib
:: Repository cachyos-extra-v3
   2) geocode-glib
:: Repository cachyos
   3) geocode-glib
:: Repository extra
   4) geocode-glib

Enter a number (default=1): 
looking for conflicting packages...

Package (4)                          New Version  Net Change  Download Size

cachyos-v3/geocode-glib              3.26.4-6       0.44 MiB       0.07 MiB
cachyos-extra-v3/gweather-locations  2026.2-1.1    21.93 MiB       2.77 MiB
cachyos-extra-v3/libgweather-4       4.6.0-1.1      1.89 MiB       0.31 MiB
cachyos-extra-v3/loupe               50.0-1.1       7.06 MiB       2.16 MiB

Total Download Size:    5.31 MiB
Total Installed Size:  31.32 MiB

:: Proceed with installation? [Y/n] 
:: Retrieving packages...
 gweather-locations-2026.2-1.1-x86_64_v3 downloading...
 loupe-50.0-1.1-x86_64_v3 downloading...
 libgweather-4-4.6.0-1.1-x86_64_v3 downloading...
 geocode-glib-3.26.4-6-x86_64_v3 downloading...
checking keyring...
checking package integrity...
loading package files...
checking for file conflicts...
checking available disk space...
:: Running pre-transaction hooks...
(1/2) Performing snapper pre snapshots for the following configurations...
==> root: 73
(2/2) Waiting for limine-snapper-sync to finish...
:: Processing package changes...
installing geocode-glib...
installing gweather-locations...
installing libgweather-4...
installing loupe...
:: Running post-transaction hooks...
(1/5) Arming ConditionNeedsUpdate...
(2/5) Compiling GSettings XML schema files...
(3/5) Updating icon theme caches...
(4/5) Updating the desktop file MIME type cache...
(5/5) Performing snapper post snapshots for the following configurations...
==> root: 74
resolving dependencies...
looking for conflicting packages...

Package (2)                            New Version  Net Change  Download Size

cachyos-extra-v3/libgtop               2.41.3-2.1     1.27 MiB       0.19 MiB
cachyos-extra-v3/gnome-system-monitor  50.0-1.1       5.18 MiB       0.85 MiB

Total Download Size:   1.04 MiB
Total Installed Size:  6.46 MiB

:: Proceed with installation? [Y/n] 
:: Retrieving packages...
 gnome-system-monitor-50.0-1.1-x86_64_v3 downloading...
 libgtop-2.41.3-2.1-x86_64 downloading...
checking keyring...
checking package integrity...
loading package files...
checking for file conflicts...
checking available disk space...
:: Running pre-transaction hooks...
(1/2) Performing snapper pre snapshots for the following configurations...
==> root: 75
(2/2) Waiting for limine-snapper-sync to finish...
:: Processing package changes...
installing libgtop...
installing gnome-system-monitor...
:: Running post-transaction hooks...
(1/6) Arming ConditionNeedsUpdate...
(2/6) Compiling GSettings XML schema files...
(3/6) Updating icon theme caches...
(4/6) Updating the info directory file...
(5/6) Updating the desktop file MIME type cache...
(6/6) Performing snapper post snapshots for the following configurations...
==> root: 76
resolving dependencies...
looking for conflicting packages...

Package (1)                New Version  Net Change  Download Size

cachyos-extra-v3/mousepad  0.7.0-1.1      2.19 MiB       0.45 MiB

Total Download Size:   0.45 MiB
Total Installed Size:  2.19 MiB

:: Proceed with installation? [Y/n] 
:: Retrieving packages...
 mousepad-0.7.0-1.1-x86_64_v3 downloading...
checking keyring...
checking package integrity...
loading package files...
checking for file conflicts...
checking available disk space...
:: Running pre-transaction hooks...
(1/2) Performing snapper pre snapshots for the following configurations...
==> root: 77
(2/2) Waiting for limine-snapper-sync to finish...
:: Processing package changes...
installing mousepad...
Optional dependencies for mousepad
    gspell: spell checking plugin [installed]
    libxfce4ui: shortcuts editor plugin
:: Running post-transaction hooks...
(1/5) Arming ConditionNeedsUpdate...
(2/5) Compiling GSettings XML schema files...
(3/5) Updating icon theme caches...
(4/5) Updating the desktop file MIME type cache...
(5/5) Performing snapper post snapshots for the following configurations...
==> root: 78
resolving dependencies...
looking for conflicting packages...

Package (1)                 New Version  Net Change  Download Size

cachyos-extra-v3/mpv-mpris  1.2-1.1        0.03 MiB       0.01 MiB

Total Download Size:   0.01 MiB
Total Installed Size:  0.03 MiB

:: Proceed with installation? [Y/n] 
:: Retrieving packages...
 mpv-mpris-1.2-1.1-x86_64_v3 downloading...
checking keyring...
checking package integrity...
loading package files...
checking for file conflicts...
checking available disk space...
:: Running pre-transaction hooks...
(1/2) Performing snapper pre snapshots for the following configurations...
==> root: 79
(2/2) Waiting for limine-snapper-sync to finish...
:: Processing package changes...
installing mpv-mpris...
:: Running post-transaction hooks...
(1/2) Arming ConditionNeedsUpdate...
(2/2) Performing snapper post snapshots for the following configurations...
==> root: 80
resolving dependencies...
looking for conflicting packages...

Package (1)             New Version  Net Change  Download Size

cachyos-extra-v3/nvtop  3.3.2-1.1      0.20 MiB       0.08 MiB

Total Download Size:   0.08 MiB
Total Installed Size:  0.20 MiB

:: Proceed with installation? [Y/n] 
:: Retrieving packages...
 nvtop-3.3.2-1.1-x86_64_v3 downloading...
checking keyring...
checking package integrity...
loading package files...
checking for file conflicts...
checking available disk space...
:: Running pre-transaction hooks...
(1/2) Performing snapper pre snapshots for the following configurations...
==> root: 81
(2/2) Waiting for limine-snapper-sync to finish...
:: Processing package changes...
installing nvtop...
:: Running post-transaction hooks...
(1/4) Arming ConditionNeedsUpdate...
(2/4) Updating icon theme caches...
(3/4) Updating the desktop file MIME type cache...
(4/4) Performing snapper post snapshots for the following configurations...
==> root: 82
resolving dependencies...
looking for conflicting packages...

Package (2)                New Version  Net Change  Download Size

cachyos-extra-v3/xcur2png  0.7.1-9.1      0.02 MiB       0.01 MiB
cachyos-extra-v3/nwg-look  1.1.1-3.1      4.83 MiB       1.39 MiB

Total Download Size:   1.41 MiB
Total Installed Size:  4.85 MiB

:: Proceed with installation? [Y/n] 
:: Retrieving packages...
 nwg-look-1.1.1-3.1-x86_64_v3 downloading...
 xcur2png-0.7.1-9.1-x86_64_v3 downloading...
checking keyring...
checking package integrity...
loading package files...
checking for file conflicts...
checking available disk space...
:: Running pre-transaction hooks...
(1/2) Performing snapper pre snapshots for the following configurations...
==> root: 83
(2/2) Waiting for limine-snapper-sync to finish...
:: Processing package changes...
installing xcur2png...
installing nwg-look...
:: Running post-transaction hooks...
(1/3) Arming ConditionNeedsUpdate...
(2/3) Updating the desktop file MIME type cache...
(3/3) Performing snapper post snapshots for the following configurations...
==> root: 84
resolving dependencies...
looking for conflicting packages...

Package (4)         New Version  Net Change  Download Size

extra/python-i3ipc  2.2.1-9        0.36 MiB       0.06 MiB
extra/python-six    1.17.0-3       0.12 MiB       0.03 MiB
extra/python-xlib   0.33-6         2.07 MiB       0.29 MiB
extra/nwg-displays  0.4.3-1        0.50 MiB       0.10 MiB

Total Download Size:   0.48 MiB
Total Installed Size:  3.05 MiB

:: Proceed with installation? [Y/n] 
:: Retrieving packages...
 python-xlib-0.33-6-any downloading...
 nwg-displays-0.4.3-1-any downloading...
 python-i3ipc-2.2.1-9-any downloading...
 python-six-1.17.0-3-any downloading...
checking keyring...
checking package integrity...
loading package files...
checking for file conflicts...
checking available disk space...
:: Running pre-transaction hooks...
(1/2) Performing snapper pre snapshots for the following configurations...
==> root: 85
(2/2) Waiting for limine-snapper-sync to finish...
:: Processing package changes...
installing python-six...
installing python-xlib...
installing python-i3ipc...
installing nwg-displays...
:: Running post-transaction hooks...
(1/3) Arming ConditionNeedsUpdate...
(2/3) Updating the desktop file MIME type cache...
(3/3) Performing snapper post snapshots for the following configurations...
==> root: 86
resolving dependencies...
looking for conflicting packages...

Package (1)                     New Version  Net Change  Download Size

cachyos-extra-v3/qalculate-gtk  5.11.0-1.1     8.09 MiB       2.82 MiB

Total Download Size:   2.82 MiB
Total Installed Size:  8.09 MiB

:: Proceed with installation? [Y/n] 
:: Retrieving packages...
 qalculate-gtk-5.11.0-1.1-x86_64_v3 downloading...
checking keyring...
checking package integrity...
loading package files...
checking for file conflicts...
checking available disk space...
:: Running pre-transaction hooks...
(1/2) Performing snapper pre snapshots for the following configurations...
==> root: 87
(2/2) Waiting for limine-snapper-sync to finish...
:: Processing package changes...
installing qalculate-gtk...
:: Running post-transaction hooks...
(1/4) Arming ConditionNeedsUpdate...
(2/4) Updating icon theme caches...
(3/4) Updating the desktop file MIME type cache...
(4/4) Performing snapper post snapshots for the following configurations...
==> root: 88
resolving dependencies...
looking for conflicting packages...

Package (3)            New Version   Net Change  Download Size

cachyos-extra-v3/deno  2.8.3-1.1     134.15 MiB      38.80 MiB
extra/yt-dlp-ejs       0.8.0-1         0.16 MiB       0.05 MiB
extra/yt-dlp           2026.06.09-1   31.48 MiB       4.88 MiB

Total Download Size:    43.73 MiB
Total Installed Size:  165.79 MiB

:: Proceed with installation? [Y/n] 
:: Retrieving packages...
 deno-2.8.3-1.1-x86_64_v3 downloading...
 yt-dlp-2026.06.09-1-any downloading...
 yt-dlp-ejs-0.8.0-1-any downloading...
checking keyring...
checking package integrity...
loading package files...
checking for file conflicts...
checking available disk space...
:: Running pre-transaction hooks...
(1/2) Performing snapper pre snapshots for the following configurations...
==> root: 89
(2/2) Waiting for limine-snapper-sync to finish...
:: Processing package changes...
installing deno...
installing yt-dlp-ejs...
installing yt-dlp...
Optional dependencies for yt-dlp
    ffmpeg: for video post-processing [installed]
    rtmpdump: for rtmp streams support [installed]
    atomicparsley: for embedding thumbnails into m4a files
    aria2: for using aria2 as external downloader
    python-curl_cffi: support for impersonating browser requests
    python-mutagen: for embedding thumbnail in certain formats
    python-pycryptodome: for decrypting AES-128 HLS streams and various other data
    python-pycryptodomex: for decrypting AES-128 HLS streams and various other data
    python-websockets: for downloading over websocket
    python-brotli: brotli content encoding support
    python-brotlicffi: brotli content encoding support
    python-xattr: for writing xattr metadata
    python-pyxattr: for writing xattr metadata (alternative option)
    phantomjs: for extractors with javascript code
    python-secretstorage: For -cookies-from-browser to access the GNOME keyring while decrypting cookies of Chromium-based browsers
:: Running post-transaction hooks...
(1/2) Arming ConditionNeedsUpdate...
(2/2) Performing snapper post snapshots for the following configurations...
==> root: 90
resolving dependencies...
looking for conflicting packages...

Package (3)                  New Version  Net Change  Download Size

cachyos-extra-v3/c-ares      1.34.6-1.1     0.54 MiB       0.23 MiB
cachyos-extra-v3/electron39  39.8.10-1.1  285.52 MiB      81.90 MiB
extra/obsidian               1.12.7-2      23.19 MiB       6.18 MiB

Total Download Size:    88.32 MiB
Total Installed Size:  309.24 MiB

:: Proceed with installation? [Y/n] 
:: Retrieving packages...
 electron39-39.8.10-1.1-x86_64_v3 downloading...
 obsidian-1.12.7-2-x86_64 downloading...
 c-ares-1.34.6-1.1-x86_64_v3 downloading...
checking keyring...
checking package integrity...
loading package files...
checking for file conflicts...
checking available disk space...
:: Running pre-transaction hooks...
(1/2) Performing snapper pre snapshots for the following configurations...
==> root: 91
(2/2) Waiting for limine-snapper-sync to finish...
:: Processing package changes...
installing c-ares...
installing electron39...
Optional dependencies for electron39
    kde-cli-tools: file deletion support (kioclient5) [installed]
    pipewire: WebRTC desktop sharing under Wayland [installed]
    qt5-base: enable Qt5 with --enable-features=AllowQt [installed]
    gtk4: for --gtk-version=4 (GTK4 IME might work better on Wayland) [installed]
    trash-cli: file deletion support (trash-put)
    xdg-utils: open URLs with desktop’s default (xdg-email, xdg-open) [installed]
installing obsidian...
You can add custom permanent flags for Obsidian in .config/obsidian/user-flags.conf
:: Running post-transaction hooks...
(1/3) Arming ConditionNeedsUpdate...
(2/3) Updating the desktop file MIME type cache...
(3/3) Performing snapper post snapshots for the following configurations...
==> root: 92
resolving dependencies...
looking for conflicting packages...

Package (1)        New Version   Net Change  Download Size

cachyos/brave-bin  1:1.91.172-1  432.01 MiB     139.98 MiB

Total Download Size:   139.98 MiB
Total Installed Size:  432.01 MiB

:: Proceed with installation? [Y/n] 
:: Retrieving packages...
 brave-bin-1:1.91.172-1-x86_64 downloading...
checking keyring...
checking package integrity...
loading package files...
checking for file conflicts...
checking available disk space...
:: Running pre-transaction hooks...
(1/2) Performing snapper pre snapshots for the following configurations...
==> root: 93
(2/2) Waiting for limine-snapper-sync to finish...
:: Processing package changes...
installing brave-bin...
Optional dependencies for brave-bin
    cups: Printer support
    libgnome-keyring: Enable GNOME keyring support
    libnotify: Native notification support [installed]
:: Running post-transaction hooks...
(1/4) Arming ConditionNeedsUpdate...
(2/4) Updating icon theme caches...
(3/4) Updating the desktop file MIME type cache...
(4/4) Performing snapper post snapshots for the following configurations...
==> root: 94
:: Resolving dependencies...
:: Calculating conflicts...
:: Calculating inner conflicts...

Repo (1)                    Old Version  New Version    Make Only
cachyos-extra-v3/lsof                    4.99.6-1.1     No

Aur (1)                     Old Version  New Version    Make Only
aur/visual-studio-code-bin               1.124.2-1      No

:: Proceed to review? [Y/n]: 

:: Downloading PKGBUILDs...
 (1/1) downloading: visual-studio-code-bin-1.124.2-1
resolving dependencies...
looking for conflicting packages...

Package (1)            New Version  Net Change  Download Size

cachyos-extra-v3/lsof  4.99.6-1.1     0.39 MiB       0.16 MiB

Total Download Size:   0.16 MiB
Total Installed Size:  0.39 MiB

:: Proceed with installation? [Y/n] 
:: Retrieving packages...
 lsof-4.99.6-1.1-x86_64_v3 downloading...
checking keyring...
checking package integrity...
loading package files...
checking for file conflicts...
checking available disk space...
:: Running pre-transaction hooks...
(1/2) Performing snapper pre snapshots for the following configurations...
==> root: 95
(2/2) Waiting for limine-snapper-sync to finish...
:: Processing package changes...
installing lsof...
:: Running post-transaction hooks...
(1/2) Arming ConditionNeedsUpdate...
(2/2) Performing snapper post snapshots for the following configurations...
==> root: 96
fetching devel info...
==> Making package: visual-studio-code-bin 1.124.2-1 (Sat 13 Jun 2026 15:19:50)
==> Retrieving sources...
  -> Found visual-studio-code-bin.sh
  -> Downloading code_1.124.2_amd64.deb...
  % Total    % Received % Xferd  Average Speed  Time    Time    Time   Current
                                 Dload  Upload  Total   Spent   Left   Speed
  0      0   0      0   0      0      0      0                              0100    163 100    163   0      0    832      0                              0100    163 100    163   0      0    830      0                              0
  0      0   0      0   0      0      0      0           00:05              0  3 167.4M   3  6.10M   0      0 989.9k      0   02:53   00:06   02:47  6.11M  5 167.4M   5 10.01M   0      0  1.36M      0   02:02   00:07   01:55  5.01M  9 167.4M   9 15.84M   0      0  1.90M      0   01:27   00:08   01:19  5.28M 12 167.4M  12 20.12M   0      0  2.15M      0   01:17   00:09   01:08  5.03M 14 167.4M  14 24.04M   0      0  2.32M      0   01:11   00:10   01:01  4.80M 14 167.4M  14 24.85M   0      0  2.19M      0   01:16   00:11   01:05  3.74M 16 167.4M  16 26.96M   0      0  2.18M      0   01:16   00:12   01:04  3.38M 18 167.4M  18 30.71M   0      0  2.30M      0   01:12   00:13   00:59  2.97M 21 167.4M  21 35.91M   0      0  2.50M      0   01:06   00:14   00:52  3.15M 25 167.4M  25 42.56M   0      0  2.77M      0   01:00   00:15   00:45  3.70M 28 167.4M  28 47.82M   0      0  2.93M      0   00:57   00:16   00:41  4.59M 29 167.4M  29 48.85M   0      0  2.82M      0   00:59   00:17   00:42  4.37M 30 167.4M  30 51.02M   0      0  2.78M      0   01:00   00:18   00:42  4.06M 32 167.4M  32 54.61M   0      0  2.82M      0   00:59   00:19   00:40  3.74M 35 167.4M  35 59.44M   0      0  2.92M      0   00:57   00:20   00:37  3.37M 39 167.4M  39 65.39M   0      0  3.06M      0   00:54   00:21   00:33  3.50M 40 167.4M  40 67.16M   0      0  3.00M      0   00:55   00:22   00:33  3.64M 41 167.4M  41 70.31M   0      0  3.01M      0   00:55   00:23   00:32  3.84M 44 167.4M  44 74.92M   0      0  3.07M      0   00:54   00:24   00:30  4.04M 48 167.4M  48 81.04M   0      0  3.19M      0   00:52   00:25   00:27  4.30M 52 167.4M  52 87.50M   0      0  3.32M      0   00:50   00:26   00:24  4.42M 54 167.4M  54 91.86M   0      0  3.36M      0   00:49   00:27   00:22  4.94M 55 167.4M  55 93.57M   0      0  3.30M      0   00:50   00:28   00:22  4.65M 57 167.4M  57 96.07M   0      0  3.27M      0   00:51   00:29   00:22  4.23M 59 167.4M  59 100.0M   0      0  3.29M      0   00:50   00:30   00:20  3.79M 63 167.4M  63 105.4M   0      0  3.36M      0   00:49   00:31   00:18  3.59M 66 167.4M  66 112.1M   0      0  3.46M      0   00:48   00:32   00:16  4.05M 68 167.4M  68 114.7M   0      0  3.44M      0   00:48   00:33   00:15  4.24M 69 167.4M  69 116.5M   0      0  3.39M      0   00:49   00:34   00:15  4.10M 70 167.4M  70 117.9M   0      0  3.33M      0   00:50   00:35   00:15  3.58M 71 167.4M  71 120.2M   0      0  3.31M      0   00:50   00:36   00:14  2.96M 73 167.4M  73 123.8M   0      0  3.31M      0   00:50   00:37   00:13  2.34M 77 167.4M  77 129.0M   0      0  3.36M      0   00:49   00:38   00:11  2.85M 79 167.4M  79 133.7M   0      0  3.39M      0   00:49   00:39   00:10  3.42M 81 167.4M  81 136.1M   0      0  3.37M      0   00:49   00:40   00:09  3.63M 83 167.4M  83 140.0M   0      0  3.38M      0   00:49   00:41   00:08  3.95M 86 167.4M  86 145.4M   0      0  3.43M      0   00:48   00:42   00:06  4.32M 90 167.4M  90 151.8M   0      0  3.50M      0   00:47   00:43   00:04  4.56M 92 167.4M  92 154.9M   0      0  3.49M      0   00:47   00:44   00:03  4.24M 95 167.4M  95 159.5M   0      0  3.51M      0   00:47   00:45   00:02  4.68M 98 167.4M  98 165.5M   0      0  3.57M      0   00:46   00:46          5.09M100 167.4M 100 167.4M   0      0  3.59M      0   00:46   00:46          5.09M100 167.4M 100 167.4M   0      0  3.59M      0   00:46   00:46          5.09M100 167.4M 100 167.4M   0      0  3.59M      0   00:46   00:46          5.09M
==> Validating source files with sha256sums...
    visual-studio-code-bin.sh ... Passed
==> Validating source_x86_64 files with sha256sums...
    code_1.124.2_amd64.deb ... Passed
==> Making package: visual-studio-code-bin 1.124.2-1 (Sat 13 Jun 2026 15:20:40)
==> Checking runtime dependencies...
==> Checking buildtime dependencies...
==> Retrieving sources...
  -> Found visual-studio-code-bin.sh
  -> Found code_1.124.2_amd64.deb
==> Validating source files with sha256sums...
    visual-studio-code-bin.sh ... Passed
==> Validating source_x86_64 files with sha256sums...
    code_1.124.2_amd64.deb ... Passed
==> Removing existing $srcdir/ directory...
==> Extracting sources...
  -> Extracting code_1.124.2_amd64.deb with bsdtar
==> Sources are ready.
visual-studio-code-bin-1.124.2-1: parsing pkg list...
==> Making package: visual-studio-code-bin 1.124.2-1 (Sat 13 Jun 2026 15:20:45)
==> Checking runtime dependencies...
==> Checking buildtime dependencies...
==> WARNING: Using existing $srcdir/ tree
==> Entering fakeroot environment...
==> Starting package()...
==> Tidying install...
  -> Removing libtool files...
  -> Removing static library files...
  -> Purging unwanted files...
  -> Compressing man and info pages...
==> Checking for packaging issues...
==> Creating package "visual-studio-code-bin"...
  -> Generating .PKGINFO file...
  -> Generating .BUILDINFO file...
  -> Adding install file...
  -> Generating .MTREE file...
  -> Compressing package...
==> Leaving fakeroot environment.
==> Finished making: visual-studio-code-bin 1.124.2-1 (Sat 13 Jun 2026 15:21:06)
==> Cleaning up...
loading packages...
resolving dependencies...
looking for conflicting packages...

Package (1)             New Version  Net Change

visual-studio-code-bin  1.124.2-1    776.97 MiB

Total Installed Size:  776.97 MiB

:: Proceed with installation? [Y/n] 
checking keyring...
checking package integrity...
loading package files...
checking for file conflicts...
checking available disk space...
:: Running pre-transaction hooks...
(1/2) Performing snapper pre snapshots for the following configurations...
==> root: 97
(2/2) Waiting for limine-snapper-sync to finish...
:: Processing package changes...
installing visual-studio-code-bin...
(B[m[1m[34m==>(B[m[1m[33m NOTE:(B[m[1m Custom flags should be put directly in: ~/.config/code-flags.conf(B[m
Optional dependencies for visual-studio-code-bin
    glib2: Needed for move to trash functionality [installed]
    libdbusmenu-glib: Needed for KDE global menu [installed]
    org.freedesktop.secrets: Needed for settings sync [installed]
    icu69: Needed for live share
:: Running post-transaction hooks...
(1/4) Updating the MIME type database...
(2/4) Arming ConditionNeedsUpdate...
(3/4) Updating the desktop file MIME type cache...
(4/4) Performing snapper post snapshots for the following configurations...
==> root: 98
:: Resolving dependencies...
error: could not find all required packages:
    anki-bin (target)
resolving dependencies...
looking for conflicting packages...

Package (1)            New Version  Net Change  Download Size

cachyos-extra-v3/rmpc  0.11.0-2.1    12.80 MiB       3.74 MiB

Total Download Size:    3.74 MiB
Total Installed Size:  12.80 MiB

:: Proceed with installation? [Y/n] 
:: Retrieving packages...
 rmpc-0.11.0-2.1-x86_64_v3 downloading...
checking keyring...
checking package integrity...
loading package files...
checking for file conflicts...
checking available disk space...
:: Running pre-transaction hooks...
(1/2) Performing snapper pre snapshots for the following configurations...
==> root: 99
(2/2) Waiting for limine-snapper-sync to finish...
:: Processing package changes...
installing rmpc...
Optional dependencies for rmpc
    yt-dlp: for youtube playback [installed]
    ffmpeg: for youtube playback [installed]
    python-mutagen: for youtube playback
    ueberzugpp: for alternative album art method
    cava: for visualizer [installed]
:: Running post-transaction hooks...
(1/3) Arming ConditionNeedsUpdate...
(2/3) Updating the desktop file MIME type cache...
(3/3) Performing snapper post snapshots for the following configurations...
==> root: 100
resolving dependencies...
looking for conflicting packages...

Package (1)            New Version  Net Change  Download Size

cachyos-extra-v3/yazi  26.5.6-3.1    23.15 MiB       6.98 MiB

Total Download Size:    6.98 MiB
Total Installed Size:  23.15 MiB

:: Proceed with installation? [Y/n] 
:: Retrieving packages...
 yazi-26.5.6-3.1-x86_64_v3 downloading...
checking keyring...
checking package integrity...
loading package files...
checking for file conflicts...
checking available disk space...
:: Running pre-transaction hooks...
(1/2) Performing snapper pre snapshots for the following configurations...
==> root: 101
(2/2) Waiting for limine-snapper-sync to finish...
:: Processing package changes...
installing yazi...
Optional dependencies for yazi
    ffmpeg: for video thumbnails [installed]
    7zip: for archive extraction and preview
    jq: for JSON preview [installed]
    poppler: for PDF preview [installed]
    fd: for file searching [installed]
    ripgrep: for file content searching [installed]
    fzf: for quick file subtree navigation [installed]
    zoxide: for historical directories navigation
    resvg: for SVG preview
    imagemagick: for image and font preview [installed]
    xclip: for X11 clipboard support
    xsel: for X11 clipboard support
    wl-clipboard: for Wayland clipboard support [installed]
    chafa: for ASCII image preview as fallback
    git: for Yazi package management [installed]
:: Running post-transaction hooks...
(1/4) Arming ConditionNeedsUpdate...
(2/4) Updating icon theme caches...
(3/4) Updating the desktop file MIME type cache...
(4/4) Performing snapper post snapshots for the following configurations...
==> root: 102
resolving dependencies...
looking for conflicting packages...

Package (8)                    New Version  Net Change  Download Size

cachyos-extra-v3/libao         1.2.2-7.1      0.20 MiB       0.06 MiB
cachyos-extra-v3/libid3tag     0.16.4-1.1     0.11 MiB       0.04 MiB
cachyos-extra-v3/libmikmod     3.3.13-1.1     0.73 MiB       0.25 MiB
cachyos-extra-v3/libmms        0.6.4-6.1      0.08 MiB       0.03 MiB
cachyos-extra-v3/libsidplayfp  2.16.1-1.1     0.61 MiB       0.18 MiB
cachyos-extra-v3/wavpack       5.9.0-1.1      1.03 MiB       0.56 MiB
cachyos-extra-v3/zziplib       0.13.80-1.1    0.33 MiB       0.06 MiB
cachyos-extra-v3/mpd           0.24.12-1.1    6.36 MiB       3.47 MiB

Total Download Size:   4.65 MiB
Total Installed Size:  9.45 MiB

:: Proceed with installation? [Y/n] 
:: Retrieving packages...
 mpd-0.24.12-1.1-x86_64_v3 downloading...
 wavpack-5.9.0-1.1-x86_64_v3 downloading...
 libmikmod-3.3.13-1.1-x86_64_v3 downloading...
 libsidplayfp-2.16.1-1.1-x86_64_v3 downloading...
 zziplib-0.13.80-1.1-x86_64_v3 downloading...
 libao-1.2.2-7.1-x86_64_v3 downloading...
 libid3tag-0.16.4-1.1-x86_64_v3 downloading...
 libmms-0.6.4-6.1-x86_64_v3 downloading...
checking keyring...
checking package integrity...
loading package files...
checking for file conflicts...
checking available disk space...
:: Running pre-transaction hooks...
(1/2) Performing snapper pre snapshots for the following configurations...
==> root: 103
(2/2) Waiting for limine-snapper-sync to finish...
:: Processing package changes...
installing libmms...
installing libsidplayfp...
Optional dependencies for libsidplayfp
    vice: better SID support
    libusb: USBSID support [installed]
installing wavpack...
installing zziplib...
installing libao...
installing libid3tag...
installing libmikmod...
installing mpd...
:: Running post-transaction hooks...
(1/8) Creating system user accounts...
Creating group 'mpd' with GID 45.
Creating user 'mpd' (n/a) with UID 45 and GID 45.
(2/8) Creating temporary files...
(3/8) Reloading system manager configuration...
(4/8) Reloading user manager configuration...
(5/8) Arming ConditionNeedsUpdate...
(6/8) Updating icon theme caches...
(7/8) Updating the info directory file...
(8/8) Performing snapper post snapshots for the following configurations...
==> root: 104
:: Resolving dependencies...
:: There are 2 providers available for zapzap:
:: Repository AUR:
    1) zapzap  2) zapzap-git  
Enter a number (default=1): :: Calculating conflicts...
:: Calculating inner conflicts...

Repo (7)                      Old Version  New Version    Make Only
cachyos-extra-v3/qt6-wayland               6.11.1-1.1     No
extra/python-build                         1.4.3-1        Yes
extra/python-inflect                       7.5.0-2        No
extra/python-installer                     1.0.0-1        Yes
extra/python-pyproject-hooks               1.2.0-6        Yes
extra/python-pyqt6-webengine               6.11.0-1       No
extra/python-typeguard                     4.5.2-1        No

Aur (1)                       Old Version  New Version    Make Only
aur/zapzap                                 6.5.1-2        No

:: Proceed to review? [Y/n]: 

:: Downloading PKGBUILDs...
 (1/1) downloading: zapzap-6.5.1-2
resolving dependencies...
looking for conflicting packages...

Package (7)                   New Version  Net Change  Download Size

extra/python-build            1.4.3-1        0.26 MiB       0.06 MiB
extra/python-inflect          7.5.0-2        0.40 MiB       0.08 MiB
extra/python-installer        1.0.0-1        0.20 MiB       0.05 MiB
extra/python-pyproject-hooks  1.2.0-6        0.11 MiB       0.02 MiB
extra/python-pyqt6-webengine  6.11.0-1       0.78 MiB       0.15 MiB
extra/python-typeguard        4.5.2-1        0.48 MiB       0.09 MiB
cachyos-extra-v3/qt6-wayland  6.11.1-1.1     4.96 MiB       0.79 MiB

Total Download Size:   1.24 MiB
Total Installed Size:  7.19 MiB

:: Proceed with installation? [Y/n] 
:: Retrieving packages...
 qt6-wayland-6.11.1-1.1-x86_64_v3 downloading...
 python-pyqt6-webengine-6.11.0-1-x86_64 downloading...
 python-typeguard-4.5.2-1-any downloading...
 python-inflect-7.5.0-2-any downloading...
 python-build-1.4.3-1-any downloading...
 python-installer-1.0.0-1-any downloading...
 python-pyproject-hooks-1.2.0-6-any downloading...
checking keyring...
checking package integrity...
loading package files...
checking for file conflicts...
checking available disk space...
:: Running pre-transaction hooks...
(1/2) Performing snapper pre snapshots for the following configurations...
==> root: 105
(2/2) Waiting for limine-snapper-sync to finish...
:: Processing package changes...
installing python-pyproject-hooks...
installing python-build...
Optional dependencies for python-build
    python-pip: to use as the Python package installer (default)
    python-uv: to use as the Python package installer
    python-virtualenv: to use virtualenv for build isolation
installing python-installer...
installing python-pyqt6-webengine...
installing qt6-wayland...
installing python-typeguard...
installing python-inflect...
:: Running post-transaction hooks...
(1/2) Arming ConditionNeedsUpdate...
(2/2) Performing snapper post snapshots for the following configurations...
==> root: 106
fetching devel info...
==> Making package: zapzap 6.5.1-2 (Sat 13 Jun 2026 15:21:49)
==> Retrieving sources...
  -> Cloning zapzap git repo...
Cloning into bare repository '/home/imad/.cache/paru/clone/zapzap/zapzap'...
  -> Found com.rtosta.zapzap.nogpu.desktop
==> Validating source files with b2sums...
    zapzap ... Passed
    com.rtosta.zapzap.nogpu.desktop ... Passed
==> Making package: zapzap 6.5.1-2 (Sat 13 Jun 2026 15:21:55)
==> Checking runtime dependencies...
==> Checking buildtime dependencies...
==> Retrieving sources...
  -> Updating zapzap git repo...
  -> Found com.rtosta.zapzap.nogpu.desktop
==> Validating source files with b2sums...
    zapzap ... Passed
    com.rtosta.zapzap.nogpu.desktop ... Passed
==> Removing existing $srcdir/ directory...
==> Extracting sources...
  -> Creating working copy of zapzap git repo...
Cloning into 'zapzap'...
done.
Switched to a new branch 'makepkg'
==> Sources are ready.
zapzap-6.5.1-2: parsing pkg list...
==> Making package: zapzap 6.5.1-2 (Sat 13 Jun 2026 15:21:59)
==> Checking runtime dependencies...
==> Checking buildtime dependencies...
==> WARNING: Using existing $srcdir/ tree
==> Starting build()...
* Getting build dependencies for wheel...
/usr/lib/python3.14/site-packages/setuptools/config/_apply_pyprojecttoml.py:82: SetuptoolsDeprecationWarning: `project.license` as a TOML table is deprecated
!!

        ********************************************************************************
        Please use a simple string containing a SPDX expression for `project.license`. You can also use `project.license-files`. (Both options available on setuptools>=77.0.0).

        By 2027-Feb-18, you need to update your project and remove deprecated calls
        or your builds will no longer be supported.

        See https://packaging.python.org/en/latest/guides/writing-pyproject-toml/#license for details.
        ********************************************************************************

!!
  corresp(dist, value, root_dir)
/usr/lib/python3.14/site-packages/setuptools/config/_apply_pyprojecttoml.py:61: SetuptoolsDeprecationWarning: License classifiers are deprecated.
!!

        ********************************************************************************
        Please consider removing the following classifiers in favor of a SPDX license expression:

        License :: OSI Approved :: GNU General Public License v3 or later (GPLv3+)

        See https://packaging.python.org/en/latest/guides/writing-pyproject-toml/#license for details.
        ********************************************************************************

!!
  dist._finalize_license_expression()
/usr/lib/python3.14/site-packages/setuptools/dist.py:765: SetuptoolsDeprecationWarning: License classifiers are deprecated.
!!

        ********************************************************************************
        Please consider removing the following classifiers in favor of a SPDX license expression:

        License :: OSI Approved :: GNU General Public License v3 or later (GPLv3+)

        See https://packaging.python.org/en/latest/guides/writing-pyproject-toml/#license for details.
        ********************************************************************************

!!
  self._finalize_license_expression()
running egg_info
creating zapzap.egg-info
writing zapzap.egg-info/PKG-INFO
writing dependency_links to zapzap.egg-info/dependency_links.txt
writing entry points to zapzap.egg-info/entry_points.txt
writing requirements to zapzap.egg-info/requires.txt
writing top-level names to zapzap.egg-info/top_level.txt
writing manifest file 'zapzap.egg-info/SOURCES.txt'
reading manifest file 'zapzap.egg-info/SOURCES.txt'
adding license file 'LICENSE'
writing manifest file 'zapzap.egg-info/SOURCES.txt'
* Building wheel...
/usr/lib/python3.14/site-packages/setuptools/config/_apply_pyprojecttoml.py:82: SetuptoolsDeprecationWarning: `project.license` as a TOML table is deprecated
!!

        ********************************************************************************
        Please use a simple string containing a SPDX expression for `project.license`. You can also use `project.license-files`. (Both options available on setuptools>=77.0.0).

        By 2027-Feb-18, you need to update your project and remove deprecated calls
        or your builds will no longer be supported.

        See https://packaging.python.org/en/latest/guides/writing-pyproject-toml/#license for details.
        ********************************************************************************

!!
  corresp(dist, value, root_dir)
/usr/lib/python3.14/site-packages/setuptools/config/_apply_pyprojecttoml.py:61: SetuptoolsDeprecationWarning: License classifiers are deprecated.
!!

        ********************************************************************************
        Please consider removing the following classifiers in favor of a SPDX license expression:

        License :: OSI Approved :: GNU General Public License v3 or later (GPLv3+)

        See https://packaging.python.org/en/latest/guides/writing-pyproject-toml/#license for details.
        ********************************************************************************

!!
  dist._finalize_license_expression()
/usr/lib/python3.14/site-packages/setuptools/dist.py:765: SetuptoolsDeprecationWarning: License classifiers are deprecated.
!!

        ********************************************************************************
        Please consider removing the following classifiers in favor of a SPDX license expression:

        License :: OSI Approved :: GNU General Public License v3 or later (GPLv3+)

        See https://packaging.python.org/en/latest/guides/writing-pyproject-toml/#license for details.
        ********************************************************************************

!!
  self._finalize_license_expression()
running bdist_wheel
running build
running build_py
creating build/lib/zapzap
copying zapzap/__init__.py -> build/lib/zapzap
copying zapzap/__main__.py -> build/lib/zapzap
creating build/lib/zapzap/config
copying zapzap/config/Database.py -> build/lib/zapzap/config
creating build/lib/zapzap/controllers
copying zapzap/controllers/Browser.py -> build/lib/zapzap/controllers
copying zapzap/controllers/CardUser.py -> build/lib/zapzap/controllers
copying zapzap/controllers/ClientSideRendering.py -> build/lib/zapzap/controllers
copying zapzap/controllers/DialogDumpHandler.py -> build/lib/zapzap/controllers
copying zapzap/controllers/DownloadDialog.py -> build/lib/zapzap/controllers
copying zapzap/controllers/MainWindow.py -> build/lib/zapzap/controllers
copying zapzap/controllers/OnboardingDialog.py -> build/lib/zapzap/controllers
copying zapzap/controllers/PageAccount.py -> build/lib/zapzap/controllers
copying zapzap/controllers/PageAppearance.py -> build/lib/zapzap/controllers
copying zapzap/controllers/PageButton.py -> build/lib/zapzap/controllers
copying zapzap/controllers/PageCustomizations.py -> build/lib/zapzap/controllers
copying zapzap/controllers/PageNetwork.py -> build/lib/zapzap/controllers
copying zapzap/controllers/PageNotifications.py -> build/lib/zapzap/controllers
copying zapzap/controllers/PagePerformance.py -> build/lib/zapzap/controllers
copying zapzap/controllers/QtoasterDonation.py -> build/lib/zapzap/controllers
copying zapzap/controllers/ShortcutsDialog.py -> build/lib/zapzap/controllers
copying zapzap/controllers/SingleApplication.py -> build/lib/zapzap/controllers
copying zapzap/controllers/PageAbout.py -> build/lib/zapzap/controllers
copying zapzap/controllers/PageDetails.py -> build/lib/zapzap/controllers
copying zapzap/controllers/PageGeneral.py -> build/lib/zapzap/controllers
copying zapzap/controllers/Settings.py -> build/lib/zapzap/controllers
creating build/lib/zapzap/models
copying zapzap/models/User.py -> build/lib/zapzap/models
creating build/lib/zapzap/platform
copying zapzap/platform/__init__.py -> build/lib/zapzap/platform
creating build/lib/zapzap/resources
copying zapzap/resources/CSRButtonThemeProvider.py -> build/lib/zapzap/resources
copying zapzap/resources/SystemIcon.py -> build/lib/zapzap/resources
copying zapzap/resources/TrayIcon.py -> build/lib/zapzap/resources
copying zapzap/resources/UserIcon.py -> build/lib/zapzap/resources
copying zapzap/resources/ThemeStylesheet.py -> build/lib/zapzap/resources
creating build/lib/zapzap/services
copying zapzap/services/AddonsManager.py -> build/lib/zapzap/services
copying zapzap/services/AlertManager.py -> build/lib/zapzap/services
copying zapzap/services/AutostartManager.py -> build/lib/zapzap/services
copying zapzap/services/CssPreviewService.py -> build/lib/zapzap/services
copying zapzap/services/CustomizationsManager.py -> build/lib/zapzap/services
copying zapzap/services/DictionariesManager.py -> build/lib/zapzap/services
copying zapzap/services/DownloadManager.py -> build/lib/zapzap/services
copying zapzap/services/DownloadNamingService.py -> build/lib/zapzap/services
copying zapzap/services/EnvironmentManager.py -> build/lib/zapzap/services
copying zapzap/services/ExtensionRuntimeManager.py -> build/lib/zapzap/services
copying zapzap/services/PathManager.py -> build/lib/zapzap/services
copying zapzap/services/ProxyManager.py -> build/lib/zapzap/services
copying zapzap/services/SettingsManager.py -> build/lib/zapzap/services
copying zapzap/services/SetupManager.py -> build/lib/zapzap/services
copying zapzap/services/SysTrayManager.py -> build/lib/zapzap/services
copying zapzap/services/SystemThemeMonitor.py -> build/lib/zapzap/services
copying zapzap/services/ThemeManager.py -> build/lib/zapzap/services
copying zapzap/services/TranslationManager.py -> build/lib/zapzap/services
creating build/lib/zapzap/views
copying zapzap/views/ui_browser.py -> build/lib/zapzap/views
copying zapzap/views/ui_card_user.py -> build/lib/zapzap/views
copying zapzap/views/ui_mainwindow.py -> build/lib/zapzap/views
copying zapzap/views/ui_page_account.py -> build/lib/zapzap/views
copying zapzap/views/ui_page_appearance.py -> build/lib/zapzap/views
copying zapzap/views/ui_page_customizations.py -> build/lib/zapzap/views
copying zapzap/views/ui_page_network.py -> build/lib/zapzap/views
copying zapzap/views/ui_page_notifications.py -> build/lib/zapzap/views
copying zapzap/views/ui_page_performance.py -> build/lib/zapzap/views
copying zapzap/views/ui_qtoaster_donation.py -> build/lib/zapzap/views
copying zapzap/views/ui_shortcuts_dialog.py -> build/lib/zapzap/views
copying zapzap/views/ui_page_about.py -> build/lib/zapzap/views
copying zapzap/views/ui_page_general.py -> build/lib/zapzap/views
copying zapzap/views/ui_settings.py -> build/lib/zapzap/views
creating build/lib/zapzap/debug
copying zapzap/debug/CrashDumpHandler.py -> build/lib/zapzap/debug
copying zapzap/debug/__init__.py -> build/lib/zapzap/debug
copying zapzap/debug/RuntimeEnvironmentDebug.py -> build/lib/zapzap/debug
creating build/lib/zapzap/notifications
copying zapzap/notifications/FreedesktopNotificationBackend.py -> build/lib/zapzap/notifications
copying zapzap/notifications/NotificationService.py -> build/lib/zapzap/notifications
copying zapzap/notifications/PortalNotificationBackend.py -> build/lib/zapzap/notifications
copying zapzap/notifications/WindowsNotificationBackend.py -> build/lib/zapzap/notifications
creating build/lib/zapzap/webengine
copying zapzap/webengine/PageController.py -> build/lib/zapzap/webengine
copying zapzap/webengine/WebView.py -> build/lib/zapzap/webengine
running egg_info
writing zapzap.egg-info/PKG-INFO
writing dependency_links to zapzap.egg-info/dependency_links.txt
writing entry points to zapzap.egg-info/entry_points.txt
writing requirements to zapzap.egg-info/requires.txt
writing top-level names to zapzap.egg-info/top_level.txt
reading manifest file 'zapzap.egg-info/SOURCES.txt'
adding license file 'LICENSE'
writing manifest file 'zapzap.egg-info/SOURCES.txt'
/usr/lib/python3.14/site-packages/setuptools/command/build_py.py:215: _Warning: Package 'zapzap.po.ar.LC_MESSAGES' is absent from the `packages` configuration.
!!

        ********************************************************************************
        ############################
        # Package would be ignored #
        ############################
        Python recognizes 'zapzap.po.ar.LC_MESSAGES' as an importable package[^1],
        but it is absent from setuptools' `packages` configuration.

        This leads to an ambiguous overall configuration. If you want to distribute this
        package, please make sure that 'zapzap.po.ar.LC_MESSAGES' is explicitly added
        to the `packages` configuration field.

        Alternatively, you can also rely on setuptools' discovery methods
        (for example by using `find_namespace_packages(...)`/`find_namespace:`
        instead of `find_packages(...)`/`find:`).

        You can read more about "package discovery" on setuptools documentation page:

        - https://setuptools.pypa.io/en/latest/userguide/package_discovery.html

        If you don't want 'zapzap.po.ar.LC_MESSAGES' to be distributed and are
        already explicitly excluding 'zapzap.po.ar.LC_MESSAGES' via
        `find_namespace_packages(...)/find_namespace` or `find_packages(...)/find`,
        you can try to use `exclude_package_data`, or `include-package-data=False` in
        combination with a more fine grained `package-data` configuration.

        You can read more about "package data files" on setuptools documentation page:

        - https://setuptools.pypa.io/en/latest/userguide/datafiles.html


        [^1]: For Python, any directory (with suitable naming) can be imported,
              even if it does not contain any `.py` files.
              On the other hand, currently there is no concept of package data
              directory, all directories are treated like packages.
        ********************************************************************************

!!
  check.warn(importable)
/usr/lib/python3.14/site-packages/setuptools/command/build_py.py:215: _Warning: Package 'zapzap.po.bs.LC_MESSAGES' is absent from the `packages` configuration.
!!

        ********************************************************************************
        ############################
        # Package would be ignored #
        ############################
        Python recognizes 'zapzap.po.bs.LC_MESSAGES' as an importable package[^1],
        but it is absent from setuptools' `packages` configuration.

        This leads to an ambiguous overall configuration. If you want to distribute this
        package, please make sure that 'zapzap.po.bs.LC_MESSAGES' is explicitly added
        to the `packages` configuration field.

        Alternatively, you can also rely on setuptools' discovery methods
        (for example by using `find_namespace_packages(...)`/`find_namespace:`
        instead of `find_packages(...)`/`find:`).

        You can read more about "package discovery" on setuptools documentation page:

        - https://setuptools.pypa.io/en/latest/userguide/package_discovery.html

        If you don't want 'zapzap.po.bs.LC_MESSAGES' to be distributed and are
        already explicitly excluding 'zapzap.po.bs.LC_MESSAGES' via
        `find_namespace_packages(...)/find_namespace` or `find_packages(...)/find`,
        you can try to use `exclude_package_data`, or `include-package-data=False` in
        combination with a more fine grained `package-data` configuration.

        You can read more about "package data files" on setuptools documentation page:

        - https://setuptools.pypa.io/en/latest/userguide/datafiles.html


        [^1]: For Python, any directory (with suitable naming) can be imported,
              even if it does not contain any `.py` files.
              On the other hand, currently there is no concept of package data
              directory, all directories are treated like packages.
        ********************************************************************************

!!
  check.warn(importable)
/usr/lib/python3.14/site-packages/setuptools/command/build_py.py:215: _Warning: Package 'zapzap.po.de.LC_MESSAGES' is absent from the `packages` configuration.
!!

        ********************************************************************************
        ############################
        # Package would be ignored #
        ############################
        Python recognizes 'zapzap.po.de.LC_MESSAGES' as an importable package[^1],
        but it is absent from setuptools' `packages` configuration.

        This leads to an ambiguous overall configuration. If you want to distribute this
        package, please make sure that 'zapzap.po.de.LC_MESSAGES' is explicitly added
        to the `packages` configuration field.

        Alternatively, you can also rely on setuptools' discovery methods
        (for example by using `find_namespace_packages(...)`/`find_namespace:`
        instead of `find_packages(...)`/`find:`).

        You can read more about "package discovery" on setuptools documentation page:

        - https://setuptools.pypa.io/en/latest/userguide/package_discovery.html

        If you don't want 'zapzap.po.de.LC_MESSAGES' to be distributed and are
        already explicitly excluding 'zapzap.po.de.LC_MESSAGES' via
        `find_namespace_packages(...)/find_namespace` or `find_packages(...)/find`,
        you can try to use `exclude_package_data`, or `include-package-data=False` in
        combination with a more fine grained `package-data` configuration.

        You can read more about "package data files" on setuptools documentation page:

        - https://setuptools.pypa.io/en/latest/userguide/datafiles.html


        [^1]: For Python, any directory (with suitable naming) can be imported,
              even if it does not contain any `.py` files.
              On the other hand, currently there is no concept of package data
              directory, all directories are treated like packages.
        ********************************************************************************

!!
  check.warn(importable)
/usr/lib/python3.14/site-packages/setuptools/command/build_py.py:215: _Warning: Package 'zapzap.po.es.LC_MESSAGES' is absent from the `packages` configuration.
!!

        ********************************************************************************
        ############################
        # Package would be ignored #
        ############################
        Python recognizes 'zapzap.po.es.LC_MESSAGES' as an importable package[^1],
        but it is absent from setuptools' `packages` configuration.

        This leads to an ambiguous overall configuration. If you want to distribute this
        package, please make sure that 'zapzap.po.es.LC_MESSAGES' is explicitly added
        to the `packages` configuration field.

        Alternatively, you can also rely on setuptools' discovery methods
        (for example by using `find_namespace_packages(...)`/`find_namespace:`
        instead of `find_packages(...)`/`find:`).

        You can read more about "package discovery" on setuptools documentation page:

        - https://setuptools.pypa.io/en/latest/userguide/package_discovery.html

        If you don't want 'zapzap.po.es.LC_MESSAGES' to be distributed and are
        already explicitly excluding 'zapzap.po.es.LC_MESSAGES' via
        `find_namespace_packages(...)/find_namespace` or `find_packages(...)/find`,
        you can try to use `exclude_package_data`, or `include-package-data=False` in
        combination with a more fine grained `package-data` configuration.

        You can read more about "package data files" on setuptools documentation page:

        - https://setuptools.pypa.io/en/latest/userguide/datafiles.html


        [^1]: For Python, any directory (with suitable naming) can be imported,
              even if it does not contain any `.py` files.
              On the other hand, currently there is no concept of package data
              directory, all directories are treated like packages.
        ********************************************************************************

!!
  check.warn(importable)
/usr/lib/python3.14/site-packages/setuptools/command/build_py.py:215: _Warning: Package 'zapzap.po.fr.LC_MESSAGES' is absent from the `packages` configuration.
!!

        ********************************************************************************
        ############################
        # Package would be ignored #
        ############################
        Python recognizes 'zapzap.po.fr.LC_MESSAGES' as an importable package[^1],
        but it is absent from setuptools' `packages` configuration.

        This leads to an ambiguous overall configuration. If you want to distribute this
        package, please make sure that 'zapzap.po.fr.LC_MESSAGES' is explicitly added
        to the `packages` configuration field.

        Alternatively, you can also rely on setuptools' discovery methods
        (for example by using `find_namespace_packages(...)`/`find_namespace:`
        instead of `find_packages(...)`/`find:`).

        You can read more about "package discovery" on setuptools documentation page:

        - https://setuptools.pypa.io/en/latest/userguide/package_discovery.html

        If you don't want 'zapzap.po.fr.LC_MESSAGES' to be distributed and are
        already explicitly excluding 'zapzap.po.fr.LC_MESSAGES' via
        `find_namespace_packages(...)/find_namespace` or `find_packages(...)/find`,
        you can try to use `exclude_package_data`, or `include-package-data=False` in
        combination with a more fine grained `package-data` configuration.

        You can read more about "package data files" on setuptools documentation page:

        - https://setuptools.pypa.io/en/latest/userguide/datafiles.html


        [^1]: For Python, any directory (with suitable naming) can be imported,
              even if it does not contain any `.py` files.
              On the other hand, currently there is no concept of package data
              directory, all directories are treated like packages.
        ********************************************************************************

!!
  check.warn(importable)
/usr/lib/python3.14/site-packages/setuptools/command/build_py.py:215: _Warning: Package 'zapzap.po.he.LC_MESSAGES' is absent from the `packages` configuration.
!!

        ********************************************************************************
        ############################
        # Package would be ignored #
        ############################
        Python recognizes 'zapzap.po.he.LC_MESSAGES' as an importable package[^1],
        but it is absent from setuptools' `packages` configuration.

        This leads to an ambiguous overall configuration. If you want to distribute this
        package, please make sure that 'zapzap.po.he.LC_MESSAGES' is explicitly added
        to the `packages` configuration field.

        Alternatively, you can also rely on setuptools' discovery methods
        (for example by using `find_namespace_packages(...)`/`find_namespace:`
        instead of `find_packages(...)`/`find:`).

        You can read more about "package discovery" on setuptools documentation page:

        - https://setuptools.pypa.io/en/latest/userguide/package_discovery.html

        If you don't want 'zapzap.po.he.LC_MESSAGES' to be distributed and are
        already explicitly excluding 'zapzap.po.he.LC_MESSAGES' via
        `find_namespace_packages(...)/find_namespace` or `find_packages(...)/find`,
        you can try to use `exclude_package_data`, or `include-package-data=False` in
        combination with a more fine grained `package-data` configuration.

        You can read more about "package data files" on setuptools documentation page:

        - https://setuptools.pypa.io/en/latest/userguide/datafiles.html


        [^1]: For Python, any directory (with suitable naming) can be imported,
              even if it does not contain any `.py` files.
              On the other hand, currently there is no concept of package data
              directory, all directories are treated like packages.
        ********************************************************************************

!!
  check.warn(importable)
/usr/lib/python3.14/site-packages/setuptools/command/build_py.py:215: _Warning: Package 'zapzap.po.hu.LC_MESSAGES' is absent from the `packages` configuration.
!!

        ********************************************************************************
        ############################
        # Package would be ignored #
        ############################
        Python recognizes 'zapzap.po.hu.LC_MESSAGES' as an importable package[^1],
        but it is absent from setuptools' `packages` configuration.

        This leads to an ambiguous overall configuration. If you want to distribute this
        package, please make sure that 'zapzap.po.hu.LC_MESSAGES' is explicitly added
        to the `packages` configuration field.

        Alternatively, you can also rely on setuptools' discovery methods
        (for example by using `find_namespace_packages(...)`/`find_namespace:`
        instead of `find_packages(...)`/`find:`).

        You can read more about "package discovery" on setuptools documentation page:

        - https://setuptools.pypa.io/en/latest/userguide/package_discovery.html

        If you don't want 'zapzap.po.hu.LC_MESSAGES' to be distributed and are
        already explicitly excluding 'zapzap.po.hu.LC_MESSAGES' via
        `find_namespace_packages(...)/find_namespace` or `find_packages(...)/find`,
        you can try to use `exclude_package_data`, or `include-package-data=False` in
        combination with a more fine grained `package-data` configuration.

        You can read more about "package data files" on setuptools documentation page:

        - https://setuptools.pypa.io/en/latest/userguide/datafiles.html


        [^1]: For Python, any directory (with suitable naming) can be imported,
              even if it does not contain any `.py` files.
              On the other hand, currently there is no concept of package data
              directory, all directories are treated like packages.
        ********************************************************************************

!!
  check.warn(importable)
/usr/lib/python3.14/site-packages/setuptools/command/build_py.py:215: _Warning: Package 'zapzap.po.it.LC_MESSAGES' is absent from the `packages` configuration.
!!

        ********************************************************************************
        ############################
        # Package would be ignored #
        ############################
        Python recognizes 'zapzap.po.it.LC_MESSAGES' as an importable package[^1],
        but it is absent from setuptools' `packages` configuration.

        This leads to an ambiguous overall configuration. If you want to distribute this
        package, please make sure that 'zapzap.po.it.LC_MESSAGES' is explicitly added
        to the `packages` configuration field.

        Alternatively, you can also rely on setuptools' discovery methods
        (for example by using `find_namespace_packages(...)`/`find_namespace:`
        instead of `find_packages(...)`/`find:`).

        You can read more about "package discovery" on setuptools documentation page:

        - https://setuptools.pypa.io/en/latest/userguide/package_discovery.html

        If you don't want 'zapzap.po.it.LC_MESSAGES' to be distributed and are
        already explicitly excluding 'zapzap.po.it.LC_MESSAGES' via
        `find_namespace_packages(...)/find_namespace` or `find_packages(...)/find`,
        you can try to use `exclude_package_data`, or `include-package-data=False` in
        combination with a more fine grained `package-data` configuration.

        You can read more about "package data files" on setuptools documentation page:

        - https://setuptools.pypa.io/en/latest/userguide/datafiles.html


        [^1]: For Python, any directory (with suitable naming) can be imported,
              even if it does not contain any `.py` files.
              On the other hand, currently there is no concept of package data
              directory, all directories are treated like packages.
        ********************************************************************************

!!
  check.warn(importable)
/usr/lib/python3.14/site-packages/setuptools/command/build_py.py:215: _Warning: Package 'zapzap.po.nl.LC_MESSAGES' is absent from the `packages` configuration.
!!

        ********************************************************************************
        ############################
        # Package would be ignored #
        ############################
        Python recognizes 'zapzap.po.nl.LC_MESSAGES' as an importable package[^1],
        but it is absent from setuptools' `packages` configuration.

        This leads to an ambiguous overall configuration. If you want to distribute this
        package, please make sure that 'zapzap.po.nl.LC_MESSAGES' is explicitly added
        to the `packages` configuration field.

        Alternatively, you can also rely on setuptools' discovery methods
        (for example by using `find_namespace_packages(...)`/`find_namespace:`
        instead of `find_packages(...)`/`find:`).

        You can read more about "package discovery" on setuptools documentation page:

        - https://setuptools.pypa.io/en/latest/userguide/package_discovery.html

        If you don't want 'zapzap.po.nl.LC_MESSAGES' to be distributed and are
        already explicitly excluding 'zapzap.po.nl.LC_MESSAGES' via
        `find_namespace_packages(...)/find_namespace` or `find_packages(...)/find`,
        you can try to use `exclude_package_data`, or `include-package-data=False` in
        combination with a more fine grained `package-data` configuration.

        You can read more about "package data files" on setuptools documentation page:

        - https://setuptools.pypa.io/en/latest/userguide/datafiles.html


        [^1]: For Python, any directory (with suitable naming) can be imported,
              even if it does not contain any `.py` files.
              On the other hand, currently there is no concept of package data
              directory, all directories are treated like packages.
        ********************************************************************************

!!
  check.warn(importable)
/usr/lib/python3.14/site-packages/setuptools/command/build_py.py:215: _Warning: Package 'zapzap.po.pt_BR.LC_MESSAGES' is absent from the `packages` configuration.
!!

        ********************************************************************************
        ############################
        # Package would be ignored #
        ############################
        Python recognizes 'zapzap.po.pt_BR.LC_MESSAGES' as an importable package[^1],
        but it is absent from setuptools' `packages` configuration.

        This leads to an ambiguous overall configuration. If you want to distribute this
        package, please make sure that 'zapzap.po.pt_BR.LC_MESSAGES' is explicitly added
        to the `packages` configuration field.

        Alternatively, you can also rely on setuptools' discovery methods
        (for example by using `find_namespace_packages(...)`/`find_namespace:`
        instead of `find_packages(...)`/`find:`).

        You can read more about "package discovery" on setuptools documentation page:

        - https://setuptools.pypa.io/en/latest/userguide/package_discovery.html

        If you don't want 'zapzap.po.pt_BR.LC_MESSAGES' to be distributed and are
        already explicitly excluding 'zapzap.po.pt_BR.LC_MESSAGES' via
        `find_namespace_packages(...)/find_namespace` or `find_packages(...)/find`,
        you can try to use `exclude_package_data`, or `include-package-data=False` in
        combination with a more fine grained `package-data` configuration.

        You can read more about "package data files" on setuptools documentation page:

        - https://setuptools.pypa.io/en/latest/userguide/datafiles.html


        [^1]: For Python, any directory (with suitable naming) can be imported,
              even if it does not contain any `.py` files.
              On the other hand, currently there is no concept of package data
              directory, all directories are treated like packages.
        ********************************************************************************

!!
  check.warn(importable)
/usr/lib/python3.14/site-packages/setuptools/command/build_py.py:215: _Warning: Package 'zapzap.po.pt_PT.LC_MESSAGES' is absent from the `packages` configuration.
!!

        ********************************************************************************
        ############################
        # Package would be ignored #
        ############################
        Python recognizes 'zapzap.po.pt_PT.LC_MESSAGES' as an importable package[^1],
        but it is absent from setuptools' `packages` configuration.

        This leads to an ambiguous overall configuration. If you want to distribute this
        package, please make sure that 'zapzap.po.pt_PT.LC_MESSAGES' is explicitly added
        to the `packages` configuration field.

        Alternatively, you can also rely on setuptools' discovery methods
        (for example by using `find_namespace_packages(...)`/`find_namespace:`
        instead of `find_packages(...)`/`find:`).

        You can read more about "package discovery" on setuptools documentation page:

        - https://setuptools.pypa.io/en/latest/userguide/package_discovery.html

        If you don't want 'zapzap.po.pt_PT.LC_MESSAGES' to be distributed and are
        already explicitly excluding 'zapzap.po.pt_PT.LC_MESSAGES' via
        `find_namespace_packages(...)/find_namespace` or `find_packages(...)/find`,
        you can try to use `exclude_package_data`, or `include-package-data=False` in
        combination with a more fine grained `package-data` configuration.

        You can read more about "package data files" on setuptools documentation page:

        - https://setuptools.pypa.io/en/latest/userguide/datafiles.html


        [^1]: For Python, any directory (with suitable naming) can be imported,
              even if it does not contain any `.py` files.
              On the other hand, currently there is no concept of package data
              directory, all directories are treated like packages.
        ********************************************************************************

!!
  check.warn(importable)
/usr/lib/python3.14/site-packages/setuptools/command/build_py.py:215: _Warning: Package 'zapzap.po.ru_RU.LC_MESSAGES' is absent from the `packages` configuration.
!!

        ********************************************************************************
        ############################
        # Package would be ignored #
        ############################
        Python recognizes 'zapzap.po.ru_RU.LC_MESSAGES' as an importable package[^1],
        but it is absent from setuptools' `packages` configuration.

        This leads to an ambiguous overall configuration. If you want to distribute this
        package, please make sure that 'zapzap.po.ru_RU.LC_MESSAGES' is explicitly added
        to the `packages` configuration field.

        Alternatively, you can also rely on setuptools' discovery methods
        (for example by using `find_namespace_packages(...)`/`find_namespace:`
        instead of `find_packages(...)`/`find:`).

        You can read more about "package discovery" on setuptools documentation page:

        - https://setuptools.pypa.io/en/latest/userguide/package_discovery.html

        If you don't want 'zapzap.po.ru_RU.LC_MESSAGES' to be distributed and are
        already explicitly excluding 'zapzap.po.ru_RU.LC_MESSAGES' via
        `find_namespace_packages(...)/find_namespace` or `find_packages(...)/find`,
        you can try to use `exclude_package_data`, or `include-package-data=False` in
        combination with a more fine grained `package-data` configuration.

        You can read more about "package data files" on setuptools documentation page:

        - https://setuptools.pypa.io/en/latest/userguide/datafiles.html


        [^1]: For Python, any directory (with suitable naming) can be imported,
              even if it does not contain any `.py` files.
              On the other hand, currently there is no concept of package data
              directory, all directories are treated like packages.
        ********************************************************************************

!!
  check.warn(importable)
/usr/lib/python3.14/site-packages/setuptools/command/build_py.py:215: _Warning: Package 'zapzap.po.sv.LC_MESSAGES' is absent from the `packages` configuration.
!!

        ********************************************************************************
        ############################
        # Package would be ignored #
        ############################
        Python recognizes 'zapzap.po.sv.LC_MESSAGES' as an importable package[^1],
        but it is absent from setuptools' `packages` configuration.

        This leads to an ambiguous overall configuration. If you want to distribute this
        package, please make sure that 'zapzap.po.sv.LC_MESSAGES' is explicitly added
        to the `packages` configuration field.

        Alternatively, you can also rely on setuptools' discovery methods
        (for example by using `find_namespace_packages(...)`/`find_namespace:`
        instead of `find_packages(...)`/`find:`).

        You can read more about "package discovery" on setuptools documentation page:

        - https://setuptools.pypa.io/en/latest/userguide/package_discovery.html

        If you don't want 'zapzap.po.sv.LC_MESSAGES' to be distributed and are
        already explicitly excluding 'zapzap.po.sv.LC_MESSAGES' via
        `find_namespace_packages(...)/find_namespace` or `find_packages(...)/find`,
        you can try to use `exclude_package_data`, or `include-package-data=False` in
        combination with a more fine grained `package-data` configuration.

        You can read more about "package data files" on setuptools documentation page:

        - https://setuptools.pypa.io/en/latest/userguide/datafiles.html


        [^1]: For Python, any directory (with suitable naming) can be imported,
              even if it does not contain any `.py` files.
              On the other hand, currently there is no concept of package data
              directory, all directories are treated like packages.
        ********************************************************************************

!!
  check.warn(importable)
/usr/lib/python3.14/site-packages/setuptools/command/build_py.py:215: _Warning: Package 'zapzap.po.tr.LC_MESSAGES' is absent from the `packages` configuration.
!!

        ********************************************************************************
        ############################
        # Package would be ignored #
        ############################
        Python recognizes 'zapzap.po.tr.LC_MESSAGES' as an importable package[^1],
        but it is absent from setuptools' `packages` configuration.

        This leads to an ambiguous overall configuration. If you want to distribute this
        package, please make sure that 'zapzap.po.tr.LC_MESSAGES' is explicitly added
        to the `packages` configuration field.

        Alternatively, you can also rely on setuptools' discovery methods
        (for example by using `find_namespace_packages(...)`/`find_namespace:`
        instead of `find_packages(...)`/`find:`).

        You can read more about "package discovery" on setuptools documentation page:

        - https://setuptools.pypa.io/en/latest/userguide/package_discovery.html

        If you don't want 'zapzap.po.tr.LC_MESSAGES' to be distributed and are
        already explicitly excluding 'zapzap.po.tr.LC_MESSAGES' via
        `find_namespace_packages(...)/find_namespace` or `find_packages(...)/find`,
        you can try to use `exclude_package_data`, or `include-package-data=False` in
        combination with a more fine grained `package-data` configuration.

        You can read more about "package data files" on setuptools documentation page:

        - https://setuptools.pypa.io/en/latest/userguide/datafiles.html


        [^1]: For Python, any directory (with suitable naming) can be imported,
              even if it does not contain any `.py` files.
              On the other hand, currently there is no concept of package data
              directory, all directories are treated like packages.
        ********************************************************************************

!!
  check.warn(importable)
/usr/lib/python3.14/site-packages/setuptools/command/build_py.py:215: _Warning: Package 'zapzap.po.uk_UK.LC_MESSAGES' is absent from the `packages` configuration.
!!

        ********************************************************************************
        ############################
        # Package would be ignored #
        ############################
        Python recognizes 'zapzap.po.uk_UK.LC_MESSAGES' as an importable package[^1],
        but it is absent from setuptools' `packages` configuration.

        This leads to an ambiguous overall configuration. If you want to distribute this
        package, please make sure that 'zapzap.po.uk_UK.LC_MESSAGES' is explicitly added
        to the `packages` configuration field.

        Alternatively, you can also rely on setuptools' discovery methods
        (for example by using `find_namespace_packages(...)`/`find_namespace:`
        instead of `find_packages(...)`/`find:`).

        You can read more about "package discovery" on setuptools documentation page:

        - https://setuptools.pypa.io/en/latest/userguide/package_discovery.html

        If you don't want 'zapzap.po.uk_UK.LC_MESSAGES' to be distributed and are
        already explicitly excluding 'zapzap.po.uk_UK.LC_MESSAGES' via
        `find_namespace_packages(...)/find_namespace` or `find_packages(...)/find`,
        you can try to use `exclude_package_data`, or `include-package-data=False` in
        combination with a more fine grained `package-data` configuration.

        You can read more about "package data files" on setuptools documentation page:

        - https://setuptools.pypa.io/en/latest/userguide/datafiles.html


        [^1]: For Python, any directory (with suitable naming) can be imported,
              even if it does not contain any `.py` files.
              On the other hand, currently there is no concept of package data
              directory, all directories are treated like packages.
        ********************************************************************************

!!
  check.warn(importable)
creating build/lib/zapzap/po/ar/LC_MESSAGES
copying zapzap/po/ar/LC_MESSAGES/zapzap.mo -> build/lib/zapzap/po/ar/LC_MESSAGES
creating build/lib/zapzap/po/bs/LC_MESSAGES
copying zapzap/po/bs/LC_MESSAGES/zapzap.mo -> build/lib/zapzap/po/bs/LC_MESSAGES
creating build/lib/zapzap/po/de/LC_MESSAGES
copying zapzap/po/de/LC_MESSAGES/zapzap.mo -> build/lib/zapzap/po/de/LC_MESSAGES
creating build/lib/zapzap/po/es/LC_MESSAGES
copying zapzap/po/es/LC_MESSAGES/zapzap.mo -> build/lib/zapzap/po/es/LC_MESSAGES
creating build/lib/zapzap/po/fr/LC_MESSAGES
copying zapzap/po/fr/LC_MESSAGES/zapzap.mo -> build/lib/zapzap/po/fr/LC_MESSAGES
creating build/lib/zapzap/po/he/LC_MESSAGES
copying zapzap/po/he/LC_MESSAGES/zapzap.mo -> build/lib/zapzap/po/he/LC_MESSAGES
creating build/lib/zapzap/po/hu/LC_MESSAGES
copying zapzap/po/hu/LC_MESSAGES/zapzap.mo -> build/lib/zapzap/po/hu/LC_MESSAGES
creating build/lib/zapzap/po/it/LC_MESSAGES
copying zapzap/po/it/LC_MESSAGES/zapzap.mo -> build/lib/zapzap/po/it/LC_MESSAGES
creating build/lib/zapzap/po/nl/LC_MESSAGES
copying zapzap/po/nl/LC_MESSAGES/zapzap.mo -> build/lib/zapzap/po/nl/LC_MESSAGES
creating build/lib/zapzap/po/pt_BR/LC_MESSAGES
copying zapzap/po/pt_BR/LC_MESSAGES/zapzap.mo -> build/lib/zapzap/po/pt_BR/LC_MESSAGES
creating build/lib/zapzap/po/pt_PT/LC_MESSAGES
copying zapzap/po/pt_PT/LC_MESSAGES/zapzap.mo -> build/lib/zapzap/po/pt_PT/LC_MESSAGES
creating build/lib/zapzap/po/ru_RU/LC_MESSAGES
copying zapzap/po/ru_RU/LC_MESSAGES/zapzap.mo -> build/lib/zapzap/po/ru_RU/LC_MESSAGES
creating build/lib/zapzap/po/sv/LC_MESSAGES
copying zapzap/po/sv/LC_MESSAGES/zapzap.mo -> build/lib/zapzap/po/sv/LC_MESSAGES
creating build/lib/zapzap/po/tr/LC_MESSAGES
copying zapzap/po/tr/LC_MESSAGES/zapzap.mo -> build/lib/zapzap/po/tr/LC_MESSAGES
creating build/lib/zapzap/po/uk_UK/LC_MESSAGES
copying zapzap/po/uk_UK/LC_MESSAGES/zapzap.mo -> build/lib/zapzap/po/uk_UK/LC_MESSAGES
copying zapzap/webengine/theme_controller.js -> build/lib/zapzap/webengine
copying zapzap/webengine/webrtc_shield.js -> build/lib/zapzap/webengine
copying zapzap/webengine/theme_controller.js -> build/lib/zapzap/webengine
copying zapzap/webengine/webrtc_shield.js -> build/lib/zapzap/webengine
installing to build/bdist.linux-x86_64/wheel
running install
running install_lib
creating build/bdist.linux-x86_64/wheel
creating build/bdist.linux-x86_64/wheel/zapzap
copying build/lib/zapzap/__init__.py -> build/bdist.linux-x86_64/wheel/./zapzap
copying build/lib/zapzap/__main__.py -> build/bdist.linux-x86_64/wheel/./zapzap
creating build/bdist.linux-x86_64/wheel/zapzap/config
copying build/lib/zapzap/config/Database.py -> build/bdist.linux-x86_64/wheel/./zapzap/config
creating build/bdist.linux-x86_64/wheel/zapzap/controllers
copying build/lib/zapzap/controllers/Browser.py -> build/bdist.linux-x86_64/wheel/./zapzap/controllers
copying build/lib/zapzap/controllers/CardUser.py -> build/bdist.linux-x86_64/wheel/./zapzap/controllers
copying build/lib/zapzap/controllers/ClientSideRendering.py -> build/bdist.linux-x86_64/wheel/./zapzap/controllers
copying build/lib/zapzap/controllers/DialogDumpHandler.py -> build/bdist.linux-x86_64/wheel/./zapzap/controllers
copying build/lib/zapzap/controllers/DownloadDialog.py -> build/bdist.linux-x86_64/wheel/./zapzap/controllers
copying build/lib/zapzap/controllers/MainWindow.py -> build/bdist.linux-x86_64/wheel/./zapzap/controllers
copying build/lib/zapzap/controllers/OnboardingDialog.py -> build/bdist.linux-x86_64/wheel/./zapzap/controllers
copying build/lib/zapzap/controllers/PageAccount.py -> build/bdist.linux-x86_64/wheel/./zapzap/controllers
copying build/lib/zapzap/controllers/PageAppearance.py -> build/bdist.linux-x86_64/wheel/./zapzap/controllers
copying build/lib/zapzap/controllers/PageButton.py -> build/bdist.linux-x86_64/wheel/./zapzap/controllers
copying build/lib/zapzap/controllers/PageCustomizations.py -> build/bdist.linux-x86_64/wheel/./zapzap/controllers
copying build/lib/zapzap/controllers/PageNetwork.py -> build/bdist.linux-x86_64/wheel/./zapzap/controllers
copying build/lib/zapzap/controllers/PageNotifications.py -> build/bdist.linux-x86_64/wheel/./zapzap/controllers
copying build/lib/zapzap/controllers/PagePerformance.py -> build/bdist.linux-x86_64/wheel/./zapzap/controllers
copying build/lib/zapzap/controllers/QtoasterDonation.py -> build/bdist.linux-x86_64/wheel/./zapzap/controllers
copying build/lib/zapzap/controllers/ShortcutsDialog.py -> build/bdist.linux-x86_64/wheel/./zapzap/controllers
copying build/lib/zapzap/controllers/SingleApplication.py -> build/bdist.linux-x86_64/wheel/./zapzap/controllers
copying build/lib/zapzap/controllers/PageAbout.py -> build/bdist.linux-x86_64/wheel/./zapzap/controllers
copying build/lib/zapzap/controllers/PageDetails.py -> build/bdist.linux-x86_64/wheel/./zapzap/controllers
copying build/lib/zapzap/controllers/PageGeneral.py -> build/bdist.linux-x86_64/wheel/./zapzap/controllers
copying build/lib/zapzap/controllers/Settings.py -> build/bdist.linux-x86_64/wheel/./zapzap/controllers
creating build/bdist.linux-x86_64/wheel/zapzap/models
copying build/lib/zapzap/models/User.py -> build/bdist.linux-x86_64/wheel/./zapzap/models
creating build/bdist.linux-x86_64/wheel/zapzap/platform
copying build/lib/zapzap/platform/__init__.py -> build/bdist.linux-x86_64/wheel/./zapzap/platform
creating build/bdist.linux-x86_64/wheel/zapzap/resources
copying build/lib/zapzap/resources/CSRButtonThemeProvider.py -> build/bdist.linux-x86_64/wheel/./zapzap/resources
copying build/lib/zapzap/resources/SystemIcon.py -> build/bdist.linux-x86_64/wheel/./zapzap/resources
copying build/lib/zapzap/resources/TrayIcon.py -> build/bdist.linux-x86_64/wheel/./zapzap/resources
copying build/lib/zapzap/resources/UserIcon.py -> build/bdist.linux-x86_64/wheel/./zapzap/resources
copying build/lib/zapzap/resources/ThemeStylesheet.py -> build/bdist.linux-x86_64/wheel/./zapzap/resources
creating build/bdist.linux-x86_64/wheel/zapzap/services
copying build/lib/zapzap/services/AddonsManager.py -> build/bdist.linux-x86_64/wheel/./zapzap/services
copying build/lib/zapzap/services/AlertManager.py -> build/bdist.linux-x86_64/wheel/./zapzap/services
copying build/lib/zapzap/services/AutostartManager.py -> build/bdist.linux-x86_64/wheel/./zapzap/services
copying build/lib/zapzap/services/CssPreviewService.py -> build/bdist.linux-x86_64/wheel/./zapzap/services
copying build/lib/zapzap/services/CustomizationsManager.py -> build/bdist.linux-x86_64/wheel/./zapzap/services
copying build/lib/zapzap/services/DictionariesManager.py -> build/bdist.linux-x86_64/wheel/./zapzap/services
copying build/lib/zapzap/services/DownloadManager.py -> build/bdist.linux-x86_64/wheel/./zapzap/services
copying build/lib/zapzap/services/DownloadNamingService.py -> build/bdist.linux-x86_64/wheel/./zapzap/services
copying build/lib/zapzap/services/EnvironmentManager.py -> build/bdist.linux-x86_64/wheel/./zapzap/services
copying build/lib/zapzap/services/ExtensionRuntimeManager.py -> build/bdist.linux-x86_64/wheel/./zapzap/services
copying build/lib/zapzap/services/PathManager.py -> build/bdist.linux-x86_64/wheel/./zapzap/services
copying build/lib/zapzap/services/ProxyManager.py -> build/bdist.linux-x86_64/wheel/./zapzap/services
copying build/lib/zapzap/services/SettingsManager.py -> build/bdist.linux-x86_64/wheel/./zapzap/services
copying build/lib/zapzap/services/SetupManager.py -> build/bdist.linux-x86_64/wheel/./zapzap/services
copying build/lib/zapzap/services/SysTrayManager.py -> build/bdist.linux-x86_64/wheel/./zapzap/services
copying build/lib/zapzap/services/SystemThemeMonitor.py -> build/bdist.linux-x86_64/wheel/./zapzap/services
copying build/lib/zapzap/services/ThemeManager.py -> build/bdist.linux-x86_64/wheel/./zapzap/services
copying build/lib/zapzap/services/TranslationManager.py -> build/bdist.linux-x86_64/wheel/./zapzap/services
creating build/bdist.linux-x86_64/wheel/zapzap/views
copying build/lib/zapzap/views/ui_browser.py -> build/bdist.linux-x86_64/wheel/./zapzap/views
copying build/lib/zapzap/views/ui_card_user.py -> build/bdist.linux-x86_64/wheel/./zapzap/views
copying build/lib/zapzap/views/ui_mainwindow.py -> build/bdist.linux-x86_64/wheel/./zapzap/views
copying build/lib/zapzap/views/ui_page_account.py -> build/bdist.linux-x86_64/wheel/./zapzap/views
copying build/lib/zapzap/views/ui_page_appearance.py -> build/bdist.linux-x86_64/wheel/./zapzap/views
copying build/lib/zapzap/views/ui_page_customizations.py -> build/bdist.linux-x86_64/wheel/./zapzap/views
copying build/lib/zapzap/views/ui_page_network.py -> build/bdist.linux-x86_64/wheel/./zapzap/views
copying build/lib/zapzap/views/ui_page_notifications.py -> build/bdist.linux-x86_64/wheel/./zapzap/views
copying build/lib/zapzap/views/ui_page_performance.py -> build/bdist.linux-x86_64/wheel/./zapzap/views
copying build/lib/zapzap/views/ui_qtoaster_donation.py -> build/bdist.linux-x86_64/wheel/./zapzap/views
copying build/lib/zapzap/views/ui_shortcuts_dialog.py -> build/bdist.linux-x86_64/wheel/./zapzap/views
copying build/lib/zapzap/views/ui_page_about.py -> build/bdist.linux-x86_64/wheel/./zapzap/views
copying build/lib/zapzap/views/ui_page_general.py -> build/bdist.linux-x86_64/wheel/./zapzap/views
copying build/lib/zapzap/views/ui_settings.py -> build/bdist.linux-x86_64/wheel/./zapzap/views
creating build/bdist.linux-x86_64/wheel/zapzap/debug
copying build/lib/zapzap/debug/CrashDumpHandler.py -> build/bdist.linux-x86_64/wheel/./zapzap/debug
copying build/lib/zapzap/debug/__init__.py -> build/bdist.linux-x86_64/wheel/./zapzap/debug
copying build/lib/zapzap/debug/RuntimeEnvironmentDebug.py -> build/bdist.linux-x86_64/wheel/./zapzap/debug
creating build/bdist.linux-x86_64/wheel/zapzap/notifications
copying build/lib/zapzap/notifications/FreedesktopNotificationBackend.py -> build/bdist.linux-x86_64/wheel/./zapzap/notifications
copying build/lib/zapzap/notifications/NotificationService.py -> build/bdist.linux-x86_64/wheel/./zapzap/notifications
copying build/lib/zapzap/notifications/PortalNotificationBackend.py -> build/bdist.linux-x86_64/wheel/./zapzap/notifications
copying build/lib/zapzap/notifications/WindowsNotificationBackend.py -> build/bdist.linux-x86_64/wheel/./zapzap/notifications
creating build/bdist.linux-x86_64/wheel/zapzap/webengine
copying build/lib/zapzap/webengine/PageController.py -> build/bdist.linux-x86_64/wheel/./zapzap/webengine
copying build/lib/zapzap/webengine/WebView.py -> build/bdist.linux-x86_64/wheel/./zapzap/webengine
copying build/lib/zapzap/webengine/theme_controller.js -> build/bdist.linux-x86_64/wheel/./zapzap/webengine
copying build/lib/zapzap/webengine/webrtc_shield.js -> build/bdist.linux-x86_64/wheel/./zapzap/webengine
creating build/bdist.linux-x86_64/wheel/zapzap/po
creating build/bdist.linux-x86_64/wheel/zapzap/po/ar
creating build/bdist.linux-x86_64/wheel/zapzap/po/ar/LC_MESSAGES
copying build/lib/zapzap/po/ar/LC_MESSAGES/zapzap.mo -> build/bdist.linux-x86_64/wheel/./zapzap/po/ar/LC_MESSAGES
creating build/bdist.linux-x86_64/wheel/zapzap/po/bs
creating build/bdist.linux-x86_64/wheel/zapzap/po/bs/LC_MESSAGES
copying build/lib/zapzap/po/bs/LC_MESSAGES/zapzap.mo -> build/bdist.linux-x86_64/wheel/./zapzap/po/bs/LC_MESSAGES
creating build/bdist.linux-x86_64/wheel/zapzap/po/de
creating build/bdist.linux-x86_64/wheel/zapzap/po/de/LC_MESSAGES
copying build/lib/zapzap/po/de/LC_MESSAGES/zapzap.mo -> build/bdist.linux-x86_64/wheel/./zapzap/po/de/LC_MESSAGES
creating build/bdist.linux-x86_64/wheel/zapzap/po/es
creating build/bdist.linux-x86_64/wheel/zapzap/po/es/LC_MESSAGES
copying build/lib/zapzap/po/es/LC_MESSAGES/zapzap.mo -> build/bdist.linux-x86_64/wheel/./zapzap/po/es/LC_MESSAGES
creating build/bdist.linux-x86_64/wheel/zapzap/po/fr
creating build/bdist.linux-x86_64/wheel/zapzap/po/fr/LC_MESSAGES
copying build/lib/zapzap/po/fr/LC_MESSAGES/zapzap.mo -> build/bdist.linux-x86_64/wheel/./zapzap/po/fr/LC_MESSAGES
creating build/bdist.linux-x86_64/wheel/zapzap/po/he
creating build/bdist.linux-x86_64/wheel/zapzap/po/he/LC_MESSAGES
copying build/lib/zapzap/po/he/LC_MESSAGES/zapzap.mo -> build/bdist.linux-x86_64/wheel/./zapzap/po/he/LC_MESSAGES
creating build/bdist.linux-x86_64/wheel/zapzap/po/hu
creating build/bdist.linux-x86_64/wheel/zapzap/po/hu/LC_MESSAGES
copying build/lib/zapzap/po/hu/LC_MESSAGES/zapzap.mo -> build/bdist.linux-x86_64/wheel/./zapzap/po/hu/LC_MESSAGES
creating build/bdist.linux-x86_64/wheel/zapzap/po/it
creating build/bdist.linux-x86_64/wheel/zapzap/po/it/LC_MESSAGES
copying build/lib/zapzap/po/it/LC_MESSAGES/zapzap.mo -> build/bdist.linux-x86_64/wheel/./zapzap/po/it/LC_MESSAGES
creating build/bdist.linux-x86_64/wheel/zapzap/po/nl
creating build/bdist.linux-x86_64/wheel/zapzap/po/nl/LC_MESSAGES
copying build/lib/zapzap/po/nl/LC_MESSAGES/zapzap.mo -> build/bdist.linux-x86_64/wheel/./zapzap/po/nl/LC_MESSAGES
creating build/bdist.linux-x86_64/wheel/zapzap/po/pt_BR
creating build/bdist.linux-x86_64/wheel/zapzap/po/pt_BR/LC_MESSAGES
copying build/lib/zapzap/po/pt_BR/LC_MESSAGES/zapzap.mo -> build/bdist.linux-x86_64/wheel/./zapzap/po/pt_BR/LC_MESSAGES
creating build/bdist.linux-x86_64/wheel/zapzap/po/pt_PT
creating build/bdist.linux-x86_64/wheel/zapzap/po/pt_PT/LC_MESSAGES
copying build/lib/zapzap/po/pt_PT/LC_MESSAGES/zapzap.mo -> build/bdist.linux-x86_64/wheel/./zapzap/po/pt_PT/LC_MESSAGES
creating build/bdist.linux-x86_64/wheel/zapzap/po/ru_RU
creating build/bdist.linux-x86_64/wheel/zapzap/po/ru_RU/LC_MESSAGES
copying build/lib/zapzap/po/ru_RU/LC_MESSAGES/zapzap.mo -> build/bdist.linux-x86_64/wheel/./zapzap/po/ru_RU/LC_MESSAGES
creating build/bdist.linux-x86_64/wheel/zapzap/po/sv
creating build/bdist.linux-x86_64/wheel/zapzap/po/sv/LC_MESSAGES
copying build/lib/zapzap/po/sv/LC_MESSAGES/zapzap.mo -> build/bdist.linux-x86_64/wheel/./zapzap/po/sv/LC_MESSAGES
creating build/bdist.linux-x86_64/wheel/zapzap/po/tr
creating build/bdist.linux-x86_64/wheel/zapzap/po/tr/LC_MESSAGES
copying build/lib/zapzap/po/tr/LC_MESSAGES/zapzap.mo -> build/bdist.linux-x86_64/wheel/./zapzap/po/tr/LC_MESSAGES
creating build/bdist.linux-x86_64/wheel/zapzap/po/uk_UK
creating build/bdist.linux-x86_64/wheel/zapzap/po/uk_UK/LC_MESSAGES
copying build/lib/zapzap/po/uk_UK/LC_MESSAGES/zapzap.mo -> build/bdist.linux-x86_64/wheel/./zapzap/po/uk_UK/LC_MESSAGES
running install_egg_info
Copying zapzap.egg-info to build/bdist.linux-x86_64/wheel/./zapzap-6.5.1-py3.14.egg-info
running install_scripts
creating build/bdist.linux-x86_64/wheel/zapzap-6.5.1.dist-info/WHEEL
creating '/home/imad/.cache/paru/clone/zapzap/src/zapzap/dist/.tmp-rmnjz0_e/zapzap-6.5.1-py3-none-any.whl' and adding 'build/bdist.linux-x86_64/wheel' to it
adding 'zapzap/__init__.py'
adding 'zapzap/__main__.py'
adding 'zapzap/config/Database.py'
adding 'zapzap/controllers/Browser.py'
adding 'zapzap/controllers/CardUser.py'
adding 'zapzap/controllers/ClientSideRendering.py'
adding 'zapzap/controllers/DialogDumpHandler.py'
adding 'zapzap/controllers/DownloadDialog.py'
adding 'zapzap/controllers/MainWindow.py'
adding 'zapzap/controllers/OnboardingDialog.py'
adding 'zapzap/controllers/PageAbout.py'
adding 'zapzap/controllers/PageAccount.py'
adding 'zapzap/controllers/PageAppearance.py'
adding 'zapzap/controllers/PageButton.py'
adding 'zapzap/controllers/PageCustomizations.py'
adding 'zapzap/controllers/PageDetails.py'
adding 'zapzap/controllers/PageGeneral.py'
adding 'zapzap/controllers/PageNetwork.py'
adding 'zapzap/controllers/PageNotifications.py'
adding 'zapzap/controllers/PagePerformance.py'
adding 'zapzap/controllers/QtoasterDonation.py'
adding 'zapzap/controllers/Settings.py'
adding 'zapzap/controllers/ShortcutsDialog.py'
adding 'zapzap/controllers/SingleApplication.py'
adding 'zapzap/debug/CrashDumpHandler.py'
adding 'zapzap/debug/RuntimeEnvironmentDebug.py'
adding 'zapzap/debug/__init__.py'
adding 'zapzap/models/User.py'
adding 'zapzap/notifications/FreedesktopNotificationBackend.py'
adding 'zapzap/notifications/NotificationService.py'
adding 'zapzap/notifications/PortalNotificationBackend.py'
adding 'zapzap/notifications/WindowsNotificationBackend.py'
adding 'zapzap/platform/__init__.py'
adding 'zapzap/po/ar/LC_MESSAGES/zapzap.mo'
adding 'zapzap/po/bs/LC_MESSAGES/zapzap.mo'
adding 'zapzap/po/de/LC_MESSAGES/zapzap.mo'
adding 'zapzap/po/es/LC_MESSAGES/zapzap.mo'
adding 'zapzap/po/fr/LC_MESSAGES/zapzap.mo'
adding 'zapzap/po/he/LC_MESSAGES/zapzap.mo'
adding 'zapzap/po/hu/LC_MESSAGES/zapzap.mo'
adding 'zapzap/po/it/LC_MESSAGES/zapzap.mo'
adding 'zapzap/po/nl/LC_MESSAGES/zapzap.mo'
adding 'zapzap/po/pt_BR/LC_MESSAGES/zapzap.mo'
adding 'zapzap/po/pt_PT/LC_MESSAGES/zapzap.mo'
adding 'zapzap/po/ru_RU/LC_MESSAGES/zapzap.mo'
adding 'zapzap/po/sv/LC_MESSAGES/zapzap.mo'
adding 'zapzap/po/tr/LC_MESSAGES/zapzap.mo'
adding 'zapzap/po/uk_UK/LC_MESSAGES/zapzap.mo'
adding 'zapzap/resources/CSRButtonThemeProvider.py'
adding 'zapzap/resources/SystemIcon.py'
adding 'zapzap/resources/ThemeStylesheet.py'
adding 'zapzap/resources/TrayIcon.py'
adding 'zapzap/resources/UserIcon.py'
adding 'zapzap/services/AddonsManager.py'
adding 'zapzap/services/AlertManager.py'
adding 'zapzap/services/AutostartManager.py'
adding 'zapzap/services/CssPreviewService.py'
adding 'zapzap/services/CustomizationsManager.py'
adding 'zapzap/services/DictionariesManager.py'
adding 'zapzap/services/DownloadManager.py'
adding 'zapzap/services/DownloadNamingService.py'
adding 'zapzap/services/EnvironmentManager.py'
adding 'zapzap/services/ExtensionRuntimeManager.py'
adding 'zapzap/services/PathManager.py'
adding 'zapzap/services/ProxyManager.py'
adding 'zapzap/services/SettingsManager.py'
adding 'zapzap/services/SetupManager.py'
adding 'zapzap/services/SysTrayManager.py'
adding 'zapzap/services/SystemThemeMonitor.py'
adding 'zapzap/services/ThemeManager.py'
adding 'zapzap/services/TranslationManager.py'
adding 'zapzap/views/ui_browser.py'
adding 'zapzap/views/ui_card_user.py'
adding 'zapzap/views/ui_mainwindow.py'
adding 'zapzap/views/ui_page_about.py'
adding 'zapzap/views/ui_page_account.py'
adding 'zapzap/views/ui_page_appearance.py'
adding 'zapzap/views/ui_page_customizations.py'
adding 'zapzap/views/ui_page_general.py'
adding 'zapzap/views/ui_page_network.py'
adding 'zapzap/views/ui_page_notifications.py'
adding 'zapzap/views/ui_page_performance.py'
adding 'zapzap/views/ui_qtoaster_donation.py'
adding 'zapzap/views/ui_settings.py'
adding 'zapzap/views/ui_shortcuts_dialog.py'
adding 'zapzap/webengine/PageController.py'
adding 'zapzap/webengine/WebView.py'
adding 'zapzap/webengine/theme_controller.js'
adding 'zapzap/webengine/webrtc_shield.js'
adding 'zapzap-6.5.1.dist-info/licenses/LICENSE'
adding 'zapzap-6.5.1.dist-info/METADATA'
adding 'zapzap-6.5.1.dist-info/WHEEL'
adding 'zapzap-6.5.1.dist-info/entry_points.txt'
adding 'zapzap-6.5.1.dist-info/top_level.txt'
adding 'zapzap-6.5.1.dist-info/RECORD'
removing build/bdist.linux-x86_64/wheel
Successfully built zapzap-6.5.1-py3-none-any.whl
==> Entering fakeroot environment...
==> Starting package()...
==> Tidying install...
  -> Removing libtool files...
  -> Removing static library files...
  -> Purging unwanted files...
  -> Stripping unneeded symbols from binaries and libraries...
  -> Compressing man and info pages...
==> Checking for packaging issues...
==> Creating package "zapzap"...
  -> Generating .PKGINFO file...
  -> Generating .BUILDINFO file...
  -> Generating .MTREE file...
  -> Compressing package...
==> Leaving fakeroot environment.
==> Finished making: zapzap 6.5.1-2 (Sat 13 Jun 2026 15:22:04)
==> Cleaning up...
loading packages...
resolving dependencies...
looking for conflicting packages...

Package (1)  New Version  Net Change

zapzap       6.5.1-2        2.36 MiB

Total Installed Size:  2.36 MiB

:: Proceed with installation? [Y/n] 
checking keyring...
checking package integrity...
loading package files...
checking for file conflicts...
checking available disk space...
:: Running pre-transaction hooks...
(1/2) Performing snapper pre snapshots for the following configurations...
==> root: 107
(2/2) Waiting for limine-snapper-sync to finish...
:: Processing package changes...
installing zapzap...
Optional dependencies for zapzap
    hunspell: spell check [installed]
:: Running post-transaction hooks...
(1/4) Arming ConditionNeedsUpdate...
(2/4) Updating icon theme caches...
(3/4) Updating the desktop file MIME type cache...
(4/4) Performing snapper post snapshots for the following configurations...
==> root: 108
resolving dependencies...
looking for conflicting packages...

Package (7)                               New Version  Net Change  Download Size

extra/gsl                                 2.8-1          4.51 MiB       1.52 MiB
extra/nlohmann-json                       3.12.0-2       1.02 MiB       0.15 MiB
cachyos-extra-v3/qt6-graphs               6.11.1-1.1     5.17 MiB       1.06 MiB
cachyos-extra-v3/rnnoise                  1:0.2-1.1      1.45 MiB       1.17 MiB
cachyos-extra-v3/webrtc-audio-processing  2.1-7.1        1.39 MiB       0.53 MiB
cachyos-extra-v3/zita-convolver           4.0.3-5.1      0.05 MiB       0.02 MiB
cachyos-extra-v3/easyeffects              8.2.4-1.1     13.60 MiB       2.61 MiB

Total Download Size:    7.06 MiB
Total Installed Size:  27.20 MiB

:: Proceed with installation? [Y/n] 
:: Retrieving packages...
 easyeffects-8.2.4-1.1-x86_64_v3 downloading...
 gsl-2.8-1-x86_64 downloading...
 rnnoise-1:0.2-1.1-x86_64 downloading...
 qt6-graphs-6.11.1-1.1-x86_64_v3 downloading...
 webrtc-audio-processing-2.1-7.1-x86_64_v3 downloading...
 nlohmann-json-3.12.0-2-any downloading...
 zita-convolver-4.0.3-5.1-x86_64_v3 downloading...
checking keyring...
checking package integrity...
loading package files...
checking for file conflicts...
checking available disk space...
:: Running pre-transaction hooks...
(1/2) Performing snapper pre snapshots for the following configurations...
==> root: 109
(2/2) Waiting for limine-snapper-sync to finish...
:: Processing package changes...
installing qt6-graphs...
installing zita-convolver...
installing rnnoise...
installing nlohmann-json...
installing gsl...
installing webrtc-audio-processing...
installing easyeffects...
Optional dependencies for easyeffects
    calf: limiter, exciter, bass enhancer and others
    lsp-plugins-lv2: equalizer, compressor, delay, loudness
    zam-plugins-lv2: maximizer
    mda.lv2: bass loudness plugin
    yelp: in-app help
:: Running post-transaction hooks...
(1/5) Arming ConditionNeedsUpdate...
(2/5) Updating icon theme caches...
(3/5) Updating the info directory file...
(4/5) Updating the desktop file MIME type cache...
(5/5) Performing snapper post snapshots for the following configurations...
==> root: 110
:: Resolving dependencies...
error: could not find all required packages:
    clock-rs (target)
resolving dependencies...
:: There are 2 providers available for libtree-sitter.so=0.26-64:
:: Repository cachyos-extra-v3
   1) tree-sitter
:: Repository extra
   2) tree-sitter

Enter a number (default=1): 
:: There are 2 providers available for libunibilium.so=4-64:
:: Repository cachyos-extra-v3
   1) unibilium
:: Repository extra
   2) unibilium

Enter a number (default=1): 
looking for conflicting packages...

Package (14)                           New Version  Net Change  Download Size

extra/libluv                           1.52.1-1       0.19 MiB       0.06 MiB
cachyos-extra-v3/libutf8proc           2.11.3-1.1     0.38 MiB       0.07 MiB
cachyos-extra-v3/libvterm              0.3.3-2.1      0.16 MiB       0.06 MiB
extra/lua51-lpeg                       1.1.0-5        0.06 MiB       0.03 MiB
cachyos-extra-v3/msgpack-c             7.0.1-1.1      0.13 MiB       0.03 MiB
cachyos-extra-v3/tree-sitter           0.26.9-1.1     0.30 MiB       0.13 MiB
cachyos-extra-v3/tree-sitter-c         0.24.1-2.1     0.60 MiB       0.06 MiB
cachyos-extra-v3/tree-sitter-lua       0.5.0-3.1      0.07 MiB       0.02 MiB
cachyos-extra-v3/tree-sitter-markdown  0.5.3-2.1      0.76 MiB       0.12 MiB
cachyos-extra-v3/tree-sitter-query     0.8.0-2.1      0.04 MiB       0.01 MiB
cachyos-extra-v3/tree-sitter-vim       0.8.1-3.1      1.10 MiB       0.15 MiB
cachyos-extra-v3/tree-sitter-vimdoc    4.1.0-2.1      0.20 MiB       0.03 MiB
cachyos-extra-v3/unibilium             2.1.2-1.1      0.14 MiB       0.08 MiB
cachyos-extra-v3/neovim                0.12.3-1.1    30.51 MiB       7.27 MiB

Total Download Size:    8.13 MiB
Total Installed Size:  34.65 MiB

:: Proceed with installation? [Y/n] 
:: Retrieving packages...
 neovim-0.12.3-1.1-x86_64_v3 downloading...
 tree-sitter-vim-0.8.1-3.1-x86_64_v3 downloading...
 tree-sitter-0.26.9-1.1-x86_64_v3 downloading...
 tree-sitter-markdown-0.5.3-2.1-x86_64_v3 downloading...
 unibilium-2.1.2-1.1-x86_64_v3 downloading...
 libutf8proc-2.11.3-1.1-x86_64_v3 downloading...
 tree-sitter-c-0.24.1-2.1-x86_64_v3 downloading...
 libluv-1.52.1-1-x86_64 downloading...
 libvterm-0.3.3-2.1-x86_64 downloading...
 tree-sitter-vimdoc-4.1.0-2.1-x86_64_v3 downloading...
 msgpack-c-7.0.1-1.1-x86_64_v3 downloading...
 lua51-lpeg-1.1.0-5-x86_64 downloading...
 tree-sitter-lua-0.5.0-3.1-x86_64_v3 downloading...
 tree-sitter-query-0.8.0-2.1-x86_64_v3 downloading...
checking keyring...
checking package integrity...
loading package files...
checking for file conflicts...
checking available disk space...
:: Running pre-transaction hooks...
(1/2) Performing snapper pre snapshots for the following configurations...
==> root: 111
(2/2) Waiting for limine-snapper-sync to finish...
:: Processing package changes...
installing libluv...
installing tree-sitter...
installing unibilium...
installing libutf8proc...
installing libvterm...
installing lua51-lpeg...
installing msgpack-c...
installing tree-sitter-c...
Optional dependencies for tree-sitter-c
    tree-sitter: core library [installed]
installing tree-sitter-lua...
Optional dependencies for tree-sitter-lua
    tree-sitter: core library [installed]
installing tree-sitter-markdown...
Optional dependencies for tree-sitter-markdown
    tree-sitter: core library [installed]
installing tree-sitter-query...
Optional dependencies for tree-sitter-query
    tree-sitter: core library [installed]
installing tree-sitter-vim...
Optional dependencies for tree-sitter-vim
    tree-sitter: core library [installed]
installing tree-sitter-vimdoc...
Optional dependencies for tree-sitter-vimdoc
    tree-sitter: core library [installed]
installing neovim...
Optional dependencies for neovim
    python-pynvim: for Python plugin support (see :help python)
    xclip: for clipboard support on X11 (or xsel) (see :help clipboard)
    xsel: for clipboard support on X11 (or xclip) (see :help clipboard)
    wl-clipboard: for clipboard support on wayland (see :help clipboard) [installed]
:: Running post-transaction hooks...
(1/4) Arming ConditionNeedsUpdate...
(2/4) Updating icon theme caches...
(3/4) Updating the desktop file MIME type cache...
(4/4) Performing snapper post snapshots for the following configurations...
==> root: 112
resolving dependencies...
looking for conflicting packages...

Package (1)                           New Version  Net Change  Download Size

cachyos-extra-v3/gpu-screen-recorder  5.13.9-2.1     0.51 MiB       0.21 MiB

Total Download Size:   0.21 MiB
Total Installed Size:  0.51 MiB

:: Proceed with installation? [Y/n] 
:: Retrieving packages...
 gpu-screen-recorder-5.13.9-2.1-x86_64_v3 downloading...
checking keyring...
checking package integrity...
loading package files...
checking for file conflicts...
checking available disk space...
:: Running pre-transaction hooks...
(1/2) Performing snapper pre snapshots for the following configurations...
==> root: 113
(2/2) Waiting for limine-snapper-sync to finish...
:: Processing package changes...
installing gpu-screen-recorder...
Optional dependencies for gpu-screen-recorder
    nvidia-utils: Required to record your screen on NVIDIA [installed]
    libxnvctrl: Required when using the -oc option to overclock the NVIDIA GPU to workaround NVIDIA p2 state bug [installed]
    mesa: Required to record your screen on AMD/Intel [installed]
    libva-mesa-driver: Required to record your screen on AMD [installed]
    libva-intel-driver: Required to record your screen on Intel G45 and HD Graphics family
    intel-media-driver: Required to record your screen on Intel Broadwell or later iGPUs or Intel Arc
    linux-firmware-intel: Required to record your screen on Intel Skylake or later iGPUs [installed]
:: Running post-transaction hooks...
(1/3) Reloading user manager configuration...
(2/3) Arming ConditionNeedsUpdate...
(3/3) Performing snapper post snapshots for the following configurations...
==> root: 114
:: Resolving dependencies...
:: There are 2 providers available for wl-screenrec:
:: Repository AUR:
    1) wl-screenrec  2) wl-screenrec-git  
Enter a number (default=1): :: Calculating conflicts...
:: Calculating inner conflicts...

Repo (1)              Old Version  New Version    Make Only
extra/vulkan-headers               1:1.4.350.0-1  Yes

Aur (1)               Old Version  New Version    Make Only
aur/wl-screenrec                   0.2.0-2        No

:: Proceed to review? [Y/n]: 

:: Downloading PKGBUILDs...
 (1/1) downloading: wl-screenrec-0.2.0-2
resolving dependencies...
looking for conflicting packages...

Package (1)           New Version    Net Change  Download Size

extra/vulkan-headers  1:1.4.350.0-1   39.46 MiB       1.75 MiB

Total Download Size:    1.75 MiB
Total Installed Size:  39.46 MiB

:: Proceed with installation? [Y/n] 
:: Retrieving packages...
 vulkan-headers-1:1.4.350.0-1-any downloading...
checking keyring...
checking package integrity...
loading package files...
checking for file conflicts...
checking available disk space...
:: Running pre-transaction hooks...
(1/2) Performing snapper pre snapshots for the following configurations...
==> root: 115
(2/2) Waiting for limine-snapper-sync to finish...
:: Processing package changes...
installing vulkan-headers...
Optional dependencies for vulkan-headers
    python: Registry tools [installed]
:: Running post-transaction hooks...
(1/2) Arming ConditionNeedsUpdate...
(2/2) Performing snapper post snapshots for the following configurations...
==> root: 116
fetching devel info...
==> Making package: wl-screenrec 0.2.0-2 (Sat 13 Jun 2026 15:22:52)
==> Retrieving sources...
  -> Downloading v0.2.0.tar.gz...
  % Total    % Received % Xferd  Average Speed  Time    Time    Time   Current
                                 Dload  Upload  Total   Spent   Left   Speed
  0      0   0      0   0      0      0      0                              0  0      0   0      0   0      0      0      0                              0  0      0   0      0   0      0      0      0                              0
  0      0   0      0   0      0      0      0           00:05              0100  50341   0  50341   0      0   8518      0           00:05              0100  50341   0  50341   0      0   8517      0           00:05              0100  50341   0  50341   0      0   8517      0           00:05              0
==> Validating source files with sha256sums...
    v0.2.0.tar.gz ... Passed
==> Making package: wl-screenrec 0.2.0-2 (Sat 13 Jun 2026 15:23:02)
==> Checking runtime dependencies...
==> Checking buildtime dependencies...
==> Retrieving sources...
  -> Found v0.2.0.tar.gz
==> Validating source files with sha256sums...
    v0.2.0.tar.gz ... Passed
==> Removing existing $srcdir/ directory...
==> Extracting sources...
  -> Extracting v0.2.0.tar.gz with bsdtar
==> Starting prepare()...
    Updating git repository `https://github.com/russelltg/rust-ffmpeg-sys`
    Updating crates.io index
 Downloading crates ...
  Downloaded wayland-protocols-wlr v0.3.9
  Downloaded wayland-sys v0.31.7
  Downloaded downcast-rs v1.2.1
  Downloaded human-size v0.4.3
  Downloaded clap_lex v0.7.5
  Downloaded drm-ffi v0.9.0
  Downloaded itoa v1.0.15
  Downloaded anstyle-query v1.1.4
  Downloaded anstyle v1.0.11
  Downloaded drm-sys v0.8.0
  Downloaded is_terminal_polyfill v1.70.1
  Downloaded cfg_aliases v0.2.1
  Downloaded signal-hook-mio v0.2.4
  Downloaded log-once v0.4.1
  Downloaded wayland-scanner v0.31.7
  Downloaded num_cpus v1.17.0
  Downloaded drm-fourcc v2.2.0
  Downloaded rustc-hash v2.1.1
  Downloaded thiserror-impl v2.0.16
  Downloaded find-msvc-tools v0.1.1
  Downloaded quote v1.0.40
  Downloaded time-core v0.1.6
  Downloaded cexpr v0.6.0
  Downloaded simplelog v0.12.2
  Downloaded cfg-if v1.0.3
  Downloaded termcolor v1.4.1
  Downloaded signal-hook-registry v1.4.6
  Downloaded deranged v0.5.3
  Downloaded unicode-ident v1.0.18
  Downloaded thiserror v2.0.16
  Downloaded bitflags v2.9.4
  Downloaded anstream v0.6.20
  Downloaded libloading v0.8.8
  Downloaded bytemuck_derive v1.10.1
  Downloaded clap_derive v4.5.47
  Downloaded time-macros v0.2.24
  Downloaded proc-macro2 v1.0.101
  Downloaded ryu v1.0.20
  Downloaded clang-sys v1.8.1
  Downloaded clap_complete v4.5.57
  Downloaded clap v4.5.47
  Downloaded bytemuck v1.23.2
  Downloaded wayland-client v0.31.11
  Downloaded drm v0.14.1
  Downloaded signal-hook v0.3.18
  Downloaded anyhow v1.0.99
  Downloaded wayland-backend v0.3.11
  Downloaded log v0.4.28
  Downloaded cc v1.2.36
  Downloaded memchr v2.7.5
  Downloaded minimal-lexical v0.2.1
  Downloaded serde v1.0.219
  Downloaded ffmpeg-next v8.0.0
  Downloaded nom v7.1.3
  Downloaded mio v1.0.4
  Downloaded time v0.3.43
  Downloaded wayland-protocols v0.32.9
  Downloaded regex v1.11.2
  Downloaded aho-corasick v1.1.3
  Downloaded serde_json v1.0.143
  Downloaded quick-xml v0.37.5
  Downloaded clap_builder v4.5.47
  Downloaded bindgen v0.72.1
  Downloaded syn v2.0.106
  Downloaded nix v0.30.1
  Downloaded regex-syntax v0.8.6
  Downloaded rustix v0.38.44
  Downloaded rustix v1.0.8
  Downloaded ash v0.38.0+1.3.281
  Downloaded regex-automata v0.4.10
  Downloaded libc v0.2.175
  Downloaded linux-raw-sys v0.6.5
  Downloaded linux-raw-sys v0.4.15
  Downloaded linux-raw-sys v0.9.4
==> Sources are ready.
wl-screenrec-0.2.0-2: parsing pkg list...
==> Making package: wl-screenrec 0.2.0-2 (Sat 13 Jun 2026 15:23:24)
==> Checking runtime dependencies...
==> Checking buildtime dependencies...
==> WARNING: Using existing $srcdir/ tree
==> Starting build()...
   Compiling proc-macro2 v1.0.101
   Compiling unicode-ident v1.0.18
   Compiling libc v0.2.175
   Compiling memchr v2.7.5
   Compiling shlex v1.3.0
   Compiling find-msvc-tools v0.1.1
   Compiling pkg-config v0.3.32
   Compiling glob v0.3.3
   Compiling bitflags v2.9.4
   Compiling regex-syntax v0.8.6
   Compiling cfg-if v1.0.3
   Compiling minimal-lexical v0.2.1
   Compiling libloading v0.8.8
   Compiling either v1.15.0
   Compiling cc v1.2.36
   Compiling log v0.4.28
   Compiling bindgen v0.72.1
   Compiling itertools v0.13.0
   Compiling rustc-hash v2.1.1
   Compiling rustix v1.0.8
   Compiling linux-raw-sys v0.9.4
   Compiling utf8parse v0.2.2
   Compiling nom v7.1.3
   Compiling anstyle-parse v0.2.7
   Compiling quote v1.0.40
   Compiling clang-sys v1.8.1
   Compiling syn v2.0.106
   Compiling num_cpus v1.17.0
   Compiling regex-automata v0.4.10
   Compiling quick-xml v0.37.5
   Compiling downcast-rs v1.2.1
   Compiling anstyle-query v1.1.4
   Compiling ash v0.38.0+1.3.281
   Compiling wayland-sys v0.31.7
   Compiling anstyle v1.0.11
   Compiling rustix v0.38.44
   Compiling smallvec v1.15.1
   Compiling is_terminal_polyfill v1.70.1
   Compiling colorchoice v1.0.4
   Compiling drm-sys v0.8.0
   Compiling cexpr v0.6.0
   Compiling wayland-client v0.31.11
   Compiling anstream v0.6.20
   Compiling linux-raw-sys v0.6.5
   Compiling num-conv v0.1.0
   Compiling clap_lex v0.7.5
   Compiling powerfmt v0.2.0
   Compiling regex v1.11.2
   Compiling linux-raw-sys v0.4.15
   Compiling heck v0.5.0
   Compiling drm-fourcc v2.2.0
   Compiling strsim v0.11.1
   Compiling wayland-scanner v0.31.7
   Compiling time-core v0.1.6
   Compiling signal-hook v0.3.18
   Compiling time-macros v0.2.24
   Compiling clap_builder v4.5.47
   Compiling deranged v0.5.3
   Compiling signal-hook-registry v1.4.6
   Compiling anyhow v1.0.99
   Compiling ffmpeg-next v8.0.0
   Compiling num_threads v0.1.7
   Compiling thiserror v2.0.16
   Compiling wayland-backend v0.3.11
   Compiling drm-ffi v0.9.0
   Compiling mio v1.0.4
   Compiling termcolor v1.4.1
   Compiling wl-screenrec v0.2.0 (/home/imad/.cache/paru/clone/wl-screenrec/src/wl-screenrec-0.2.0)
   Compiling signal-hook-mio v0.2.4
   Compiling time v0.3.43
   Compiling log-once v0.4.1
   Compiling human-size v0.4.3
   Compiling simplelog v0.12.2
   Compiling wayland-protocols v0.32.9
   Compiling bytemuck_derive v1.10.1
   Compiling clap_derive v4.5.47
   Compiling thiserror-impl v2.0.16
   Compiling wayland-protocols-wlr v0.3.9
   Compiling ffmpeg-sys-next v8.0.1 (https://github.com/russelltg/rust-ffmpeg-sys?branch=vulkan#ff4b564d)
   Compiling bytemuck v1.23.2
   Compiling drm v0.14.1
   Compiling clap v4.5.47
   Compiling clap_complete v4.5.57
error[E0004]: non-exhaustive patterns: `sys::AVColorPrimaries::AVCOL_PRI_EXT_BASE` and `sys::AVColorPrimaries::AVCOL_PRI_EXT_NB` not covered
    --> /home/imad/.cargo/registry/src/index.crates.io-1949cf8c6b5b557f/ffmpeg-next-8.0.0/src/util/color/primaries.rs:48:15
     |
  48 |         match value {
     |               ^^^^^ patterns `sys::AVColorPrimaries::AVCOL_PRI_EXT_BASE` and `sys::AVColorPrimaries::AVCOL_PRI_EXT_NB` not covered
     |
note: `sys::AVColorPrimaries` defined here
    --> /home/imad/.cache/paru/clone/wl-screenrec/src/wl-screenrec-0.2.0/target/release/build/ffmpeg-sys-next-e1c415a1c3af5a74/out/bindings.rs:4743:1
     |
4743 | pub enum AVColorPrimaries {
     | ^^^^^^^^^^^^^^^^^^^^^^^^^
...
4759 |     AVCOL_PRI_EXT_BASE = 256,
     |     ------------------ not covered
4760 |     AVCOL_PRI_EXT_NB = 257,
     |     ---------------- not covered
     = note: the matched value is of type `sys::AVColorPrimaries`
help: ensure that all possible cases are being handled by adding a match arm with a wildcard pattern, a match arm with multiple or-patterns as shown, or multiple match arms
     |
  68 ~             AVCOL_PRI_EBU3213 => Primaries::EBU3213,
  69 ~             sys::AVColorPrimaries::AVCOL_PRI_EXT_BASE | sys::AVColorPrimaries::AVCOL_PRI_EXT_NB => todo!(),
     |

error[E0004]: non-exhaustive patterns: `sys::AVColorTransferCharacteristic::AVCOL_TRC_EXT_BASE` and `sys::AVColorTransferCharacteristic::AVCOL_TRC_EXT_NB` not covered
    --> /home/imad/.cargo/registry/src/index.crates.io-1949cf8c6b5b557f/ffmpeg-next-8.0.0/src/util/color/transfer_characteristic.rs:45:15
     |
  45 |         match value {
     |               ^^^^^ patterns `sys::AVColorTransferCharacteristic::AVCOL_TRC_EXT_BASE` and `sys::AVColorTransferCharacteristic::AVCOL_TRC_EXT_NB` not covered
     |
note: `sys::AVColorTransferCharacteristic` defined here
    --> /home/imad/.cache/paru/clone/wl-screenrec/src/wl-screenrec-0.2.0/target/release/build/ffmpeg-sys-next-e1c415a1c3af5a74/out/bindings.rs:4776:1
     |
4776 | pub enum AVColorTransferCharacteristic {
     | ^^^^^^^^^^^^^^^^^^^^^^^^^^^^^^^^^^^^^^
...
4797 |     AVCOL_TRC_EXT_BASE = 256,
     |     ------------------ not covered
4798 |     AVCOL_TRC_EXT_NB = 257,
     |     ---------------- not covered
     = note: the matched value is of type `sys::AVColorTransferCharacteristic`
help: ensure that all possible cases are being handled by adding a match arm with a wildcard pattern, a match arm with multiple or-patterns as shown, or multiple match arms
     |
  65 ~             AVCOL_TRC_ARIB_STD_B67 => TransferCharacteristic::ARIB_STD_B67,
  66 ~             sys::AVColorTransferCharacteristic::AVCOL_TRC_EXT_BASE | sys::AVColorTransferCharacteristic::AVCOL_TRC_EXT_NB => todo!(),
     |

error[E0004]: non-exhaustive patterns: `sys::AVFrameSideDataType::AV_FRAME_DATA_EXIF` not covered
    --> /home/imad/.cargo/registry/src/index.crates.io-1949cf8c6b5b557f/ffmpeg-next-8.0.0/src/util/frame/side_data.rs:89:15
     |
  89 |         match value {
     |               ^^^^^ pattern `sys::AVFrameSideDataType::AV_FRAME_DATA_EXIF` not covered
     |
note: `sys::AVFrameSideDataType` defined here
    --> /home/imad/.cache/paru/clone/wl-screenrec/src/wl-screenrec-0.2.0/target/release/build/ffmpeg-sys-next-e1c415a1c3af5a74/out/bindings.rs:5277:1
     |
5277 | pub enum AVFrameSideDataType {
     | ^^^^^^^^^^^^^^^^^^^^^^^^^^^^
...
5309 |     AV_FRAME_DATA_EXIF = 31,
     |     ------------------ not covered
     = note: the matched value is of type `sys::AVFrameSideDataType`
help: ensure that all possible cases are being handled by adding a match arm with a wildcard pattern or an explicit pattern as shown
     |
 150 ~             AV_FRAME_DATA_3D_REFERENCE_DISPLAYS => Type::THREE_D_REFERENCE_DISPLAYS,
 151 ~             sys::AVFrameSideDataType::AV_FRAME_DATA_EXIF => todo!(),
     |

error[E0004]: non-exhaustive patterns: `sys::AVCodecID::AV_CODEC_ID_JPEGXS`, `sys::AVCodecID::AV_CODEC_ID_ADPCM_IMA_HVQM4`, `sys::AVCodecID::AV_CODEC_ID_ADPCM_IMA_PDA` and 7 more not covered
    --> /home/imad/.cargo/registry/src/index.crates.io-1949cf8c6b5b557f/ffmpeg-next-8.0.0/src/codec/id.rs:711:15
     |
 711 |         match value {
     |               ^^^^^ patterns `sys::AVCodecID::AV_CODEC_ID_JPEGXS`, `sys::AVCodecID::AV_CODEC_ID_ADPCM_IMA_HVQM4`, `sys::AVCodecID::AV_CODEC_ID_ADPCM_IMA_PDA` and 7 more not covered
     |
note: `sys::AVCodecID` defined here
    --> /home/imad/.cache/paru/clone/wl-screenrec/src/wl-screenrec-0.2.0/target/release/build/ffmpeg-sys-next-e1c415a1c3af5a74/out/bindings.rs:5876:1
     |
5876 | pub enum AVCodecID {
     | ^^^^^^^^^^^^^^^^^^
...
6152 |     AV_CODEC_ID_JPEGXS = 275,
     |     ------------------ not covered
...
6244 |     AV_CODEC_ID_ADPCM_IMA_HVQM4 = 69686,
     |     --------------------------- not covered
6245 |     AV_CODEC_ID_ADPCM_IMA_PDA = 69687,
     |     ------------------------- not covered
6246 |     AV_CODEC_ID_ADPCM_N64 = 69688,
     |     --------------------- not covered
6247 |     AV_CODEC_ID_ADPCM_IMA_HVQM2 = 69689,
     |     --------------------------- not covered
     = note: the matched value is of type `sys::AVCodecID`
help: ensure that all possible cases are being handled by adding a match arm with a wildcard pattern as shown, or multiple match arms
     |
1391 ~             AV_CODEC_ID_IVTV_VBI => Id::IVTV_VBI,
1392 ~             _ => todo!(),
     |

error[E0004]: non-exhaustive patterns: `sys::AVPacketSideDataType::AV_PKT_DATA_EXIF` not covered
    --> /home/imad/.cargo/registry/src/index.crates.io-1949cf8c6b5b557f/ffmpeg-next-8.0.0/src/codec/packet/side_data.rs:80:15
     |
  80 |         match value {
     |               ^^^^^ pattern `sys::AVPacketSideDataType::AV_PKT_DATA_EXIF` not covered
     |
note: `sys::AVPacketSideDataType` defined here
    --> /home/imad/.cache/paru/clone/wl-screenrec/src/wl-screenrec-0.2.0/target/release/build/ffmpeg-sys-next-e1c415a1c3af5a74/out/bindings.rs:6749:1
     |
6749 | pub enum AVPacketSideDataType {
     | ^^^^^^^^^^^^^^^^^^^^^^^^^^^^^
...
6831 |     AV_PKT_DATA_EXIF = 40,
     |     ---------------- not covered
     = note: the matched value is of type `sys::AVPacketSideDataType`
help: ensure that all possible cases are being handled by adding a match arm with a wildcard pattern or an explicit pattern as shown
     |
 146 ~             AV_PKT_DATA_RTCP_SR => Type::RTCP_SR,
 147 ~             sys::AVPacketSideDataType::AV_PKT_DATA_EXIF => todo!(),
     |

For more information about this error, try `rustc --explain E0004`.
error: could not compile `ffmpeg-next` (lib) due to 5 previous errors
==> ERROR: A failure occurred in build().
    Aborting...
error: failed to build 'wl-screenrec-0.2.0-2': 
error: packages failed to build: wl-screenrec-0.2.0-2
resolving dependencies...
looking for conflicting packages...

Package (1)                   New Version  Net Change  Download Size

cachyos-extra-v3/wf-recorder  0.6.0-1.1      0.13 MiB       0.05 MiB

Total Download Size:   0.05 MiB
Total Installed Size:  0.13 MiB

:: Proceed with installation? [Y/n] 
:: Retrieving packages...
 wf-recorder-0.6.0-1.1-x86_64_v3 downloading...
checking keyring...
checking package integrity...
loading package files...
checking for file conflicts...
checking available disk space...
:: Running pre-transaction hooks...
(1/2) Performing snapper pre snapshots for the following configurations...
==> root: 117
(2/2) Waiting for limine-snapper-sync to finish...
:: Processing package changes...
installing wf-recorder...
Optional dependencies for wf-recorder
    slurp: Select a region to record [installed]
:: Running post-transaction hooks...
(1/2) Arming ConditionNeedsUpdate...
(2/2) Performing snapper post snapshots for the following configurations...
==> root: 118
resolving dependencies...
looking for conflicting packages...

Package (1)                  New Version  Net Change  Download Size

cachyos-extra-v3/lazydocker  0.25.2-1.1    12.61 MiB       3.98 MiB

Total Download Size:    3.98 MiB
Total Installed Size:  12.61 MiB

:: Proceed with installation? [Y/n] 
:: Retrieving packages...
 lazydocker-0.25.2-1.1-x86_64_v3 downloading...
checking keyring...
checking package integrity...
loading package files...
checking for file conflicts...
checking available disk space...
:: Running pre-transaction hooks...
(1/2) Performing snapper pre snapshots for the following configurations...
==> root: 119
(2/2) Waiting for limine-snapper-sync to finish...
:: Processing package changes...
installing lazydocker...
:: Running post-transaction hooks...
(1/2) Arming ConditionNeedsUpdate...
(2/2) Performing snapper post snapshots for the following configurations...
==> root: 120
resolving dependencies...
looking for conflicting packages...

Package (2)                       New Version  Net Change  Download Size

cachyos-extra-v3/guvcview-common  2.2.2-2.1      0.61 MiB       0.22 MiB
cachyos-extra-v3/guvcview         2.2.2-2.1      0.14 MiB       0.06 MiB

Total Download Size:   0.28 MiB
Total Installed Size:  0.75 MiB

:: Proceed with installation? [Y/n] 
:: Retrieving packages...
 guvcview-common-2.2.2-2.1-x86_64_v3 downloading...
 guvcview-2.2.2-2.1-x86_64_v3 downloading...
checking keyring...
checking package integrity...
loading package files...
checking for file conflicts...
checking available disk space...
:: Running pre-transaction hooks...
(1/2) Performing snapper pre snapshots for the following configurations...
==> root: 121
(2/2) Waiting for limine-snapper-sync to finish...
:: Processing package changes...
installing guvcview-common...
installing guvcview...
:: Running post-transaction hooks...
(1/4) Arming ConditionNeedsUpdate...
(2/4) Updating icon theme caches...
(3/4) Updating the desktop file MIME type cache...
(4/4) Performing snapper post snapshots for the following configurations...
==> root: 122
resolving dependencies...
:: There are 2 providers available for p7zip:
:: Repository cachyos-extra-v3
   1) 7zip
:: Repository extra
   2) 7zip

Enter a number (default=1): 
looking for conflicting packages...

Package (15)                           New Version  Net Change  Download Size

cachyos-extra-v3/7zip                  26.01-1.1      6.32 MiB       1.92 MiB
cachyos-extra-v3/cabextract            1.11-2.1       0.09 MiB       0.04 MiB
cachyos-extra-v3/gnome-desktop         1:44.5-1.1     0.56 MiB       0.12 MiB
cachyos-extra-v3/gnome-desktop-common  1:44.5-1.1     2.45 MiB       0.44 MiB
extra/libimagequant                    4.4.1-2        0.60 MiB       0.26 MiB
cachyos-extra-v3/libyaml               0.2.5-3.1      0.18 MiB       0.06 MiB
extra/python-beautifulsoup4            4.15.0-1       1.22 MiB       0.20 MiB
extra/python-distro                    1.9.0-4        0.20 MiB       0.04 MiB
cachyos-extra-v3/python-evdev          1.9.3-1.1      0.81 MiB       0.12 MiB
extra/python-moddb                     0.14.0-2       0.91 MiB       0.13 MiB
extra/python-pillow                    12.2.0-1       4.84 MiB       0.92 MiB
extra/python-soupsieve                 2.8.4-1        0.51 MiB       0.09 MiB
cachyos-extra-v3/python-yaml           6.0.3-2.1      0.97 MiB       0.20 MiB
cachyos-extra-v3/xorg-xrandr           1.5.4-1.1      0.08 MiB       0.04 MiB
extra/lutris                           0.5.22-1      11.92 MiB       2.12 MiB

Total Download Size:    6.70 MiB
Total Installed Size:  31.65 MiB

:: Proceed with installation? [Y/n] 
:: Retrieving packages...
 lutris-0.5.22-1-any downloading...
 7zip-26.01-1.1-x86_64_v3 downloading...
 python-pillow-12.2.0-1-x86_64 downloading...
 gnome-desktop-common-1:44.5-1.1-x86_64_v3 downloading...
 libimagequant-4.4.1-2-x86_64 downloading...
 python-yaml-6.0.3-2.1-x86_64_v3 downloading...
 python-beautifulsoup4-4.15.0-1-any downloading...
 python-moddb-0.14.0-2-any downloading...
 gnome-desktop-1:44.5-1.1-x86_64_v3 downloading...
 python-evdev-1.9.3-1.1-x86_64_v3 downloading...
 python-soupsieve-2.8.4-1-any downloading...
 libyaml-0.2.5-3.1-x86_64 downloading...
 xorg-xrandr-1.5.4-1.1-x86_64_v3 downloading...
 cabextract-1.11-2.1-x86_64 downloading...
 python-distro-1.9.0-4-any downloading...
checking keyring...
checking package integrity...
loading package files...
checking for file conflicts...
checking available disk space...
:: Running pre-transaction hooks...
(1/2) Performing snapper pre snapshots for the following configurations...
==> root: 123
(2/2) Waiting for limine-snapper-sync to finish...
:: Processing package changes...
installing cabextract...
installing gnome-desktop-common...
installing gnome-desktop...
installing 7zip...
installing python-distro...
installing python-evdev...
installing python-soupsieve...
installing python-beautifulsoup4...
Optional dependencies for python-beautifulsoup4
    python-cchardet: alternative to autodetect character encodings
    python-chardet: to autodetect character encodings
    python-lxml: alternative HTML parser [installed]
    python-html5lib: alternative HTML parser
installing python-moddb...
installing libimagequant...
installing python-pillow...
Optional dependencies for python-pillow
    libwebp: for webp images [installed]
    tk: for the ImageTK module
    python-olefile: OLE2 file support
    python-pyqt6: for the ImageQt module [installed]
    python-defusedxml: for reading XMP tags [installed]
installing libyaml...
installing python-yaml...
installing xorg-xrandr...
installing lutris...
Optional dependencies for lutris
    fluidsynth: For games that have MIDI music [installed]
    gamemode: Allows games to request a temporary set of optimisations
    gvfs: GVFS backend [installed]
    innoextract: Extract Inno Setup installers
    libayatana-appindicator: tray icon support
    lib32-gamemode: Allows games to request a temporary set of optimisations
    lib32-gnutls: Required to login to some game platforms (e.g. Ubisoft Connect, EA Origin and GOG) [installed]
    lib32-mesa-libgl: OpenGL support [installed]
    lib32-vkd3d: DirectX 12 support
    lib32-vulkan-icd-loader: Vulkan support [installed]
    python-pefile: Display icons of Microsoft executable files
    python-protobuf: Battle.net support
    vkd3d: DirectX 12 support
    vulkan-icd-loader: Vulkan support [installed]
    vulkan-tools: Vulkan support [installed]
    wine: Windows support
    winetricks: Use system winetricks
    xorg-xgamma: Restore gamma on game exit
    umu-launcher: For running games through Proton
:: Running post-transaction hooks...
(1/5) Updating the MIME type database...
(2/5) Arming ConditionNeedsUpdate...
(3/5) Updating icon theme caches...
(4/5) Updating the desktop file MIME type cache...
(5/5) Performing snapper post snapshots for the following configurations...
==> root: 124
:: Resolving dependencies...
error: could not find all required packages:
    google-chrome-stable (target)
resolving dependencies...
looking for conflicting packages...

Package (1)           New Version  Net Change  Download Size

cachyos-extra-v3/mpc  0.35-2.1       0.12 MiB       0.05 MiB

Total Download Size:   0.05 MiB
Total Installed Size:  0.12 MiB

:: Proceed with installation? [Y/n] 
:: Retrieving packages...
 mpc-0.35-2.1-x86_64_v3 downloading...
checking keyring...
checking package integrity...
loading package files...
checking for file conflicts...
checking available disk space...
:: Running pre-transaction hooks...
(1/2) Performing snapper pre snapshots for the following configurations...
==> root: 125
(2/2) Waiting for limine-snapper-sync to finish...
:: Processing package changes...
installing mpc...
:: Running post-transaction hooks...
(1/2) Arming ConditionNeedsUpdate...
(2/2) Performing snapper post snapshots for the following configurations...
==> root: 126
:: Resolving dependencies...
:: Calculating conflicts...
:: Calculating inner conflicts...

Aur (1)    Old Version  New Version    Make Only
aur/clion               1:2026.1.3-1   No

:: Proceed to review? [Y/n]: 

:: Downloading PKGBUILDs...
 (1/1) downloading: clion-1:2026.1.3-1
fetching devel info...
==> Making package: clion 1:2026.1.3-1 (Sat 13 Jun 2026 15:25:32)
==> Retrieving sources...
  -> Found jetbrains-clion.desktop
  -> Downloading CLion-2026.1.3.tar.gz...
  % Total    % Received % Xferd  Average Speed  Time    Time    Time   Current
                                 Dload  Upload  Total   Spent   Left   Speed
  0      0   0      0   0      0      0      0           00:05              0  0  1.64G   0  5.87M   0      0 954.3k      0   30:02   00:06   29:56  5.87M  0  1.64G   0 10.54M   0      0  1.44M      0   19:24   00:07   19:17  5.27M  0  1.64G   0 14.95M   0      0  1.79M      0   15:33   00:08   15:25  4.98M  1  1.64G   1 18.80M   0      0  2.01M      0   13:53   00:09   13:44  4.67M  1  1.64G   1 22.98M   0      0  2.21M      0   12:38   00:10   12:28  4.53M  1  1.64G   1 26.91M   0      0  2.36M      0   11:49   00:11   11:38  4.15M  1  1.64G   1 32.45M   0      0  2.62M      0   10:40   00:12   10:28  4.32M  2  1.64G   2 37.47M   0      0  2.79M      0   10:00   00:13   09:47  4.43M  2  1.64G   2 42.95M   0      0  2.98M      0   09:22   00:14   09:08  4.77M  2  1.64G   2 48.06M   0      0  3.12M      0   08:57   00:15   08:42  5.00M  3  1.64G   3 53.18M   0      0  3.24M      0   08:37   00:16   08:21  5.23M  3  1.64G   3 58.31M   0      0  3.35M      0   08:21   00:17   08:04  5.14M  3  1.64G   3 63.13M   0      0  3.43M      0   08:09   00:18   07:51  5.12M  4  1.64G   4 69.64M   0      0  3.59M      0   07:47   00:19   07:28  5.32M  4  1.64G   4 73.91M   0      0  3.62M      0   07:43   00:20   07:23  5.16M  4  1.64G   4 78.30M   0      0  3.66M      0   07:38   00:21   07:17  5.02M  5  1.64G   5 84.79M   0      0  3.78M      0   07:23   00:22   07:01  5.29M  5  1.64G   5 90.33M   0      0  3.86M      0   07:15   00:23   06:52  5.43M  5  1.64G   5 95.52M   0      0  3.91M      0   07:09   00:24   06:45  5.16M  5  1.64G   5 100.1M   0      0  3.94M      0   07:06   00:25   06:41  5.22M  6  1.64G   6 103.7M   0      0  3.93M      0   07:07   00:26   06:41  5.08M  6  1.64G   6 110.0M   0      0  4.01M      0   06:58   00:27   06:31  5.04M  6  1.64G   6 114.1M   0      0  4.01M      0   06:58   00:28   06:30  4.75M  7  1.64G   7 118.0M   0      0  4.01M      0   06:58   00:29   06:29  4.48M  7  1.64G   7 121.2M   0      0  3.98M      0   07:01   00:30   06:31  4.21M  7  1.64G   7 123.9M   0      0  3.94M      0   07:06   00:31   06:35  4.00M  7  1.64G   7 126.9M   0      0  3.91M      0   07:09   00:32   06:37  3.35M  7  1.64G   7 129.8M   0      0  3.88M      0   07:12   00:33   06:39  3.13M  7  1.64G   7 133.8M   0      0  3.88M      0   07:12   00:34   06:38  3.13M  8  1.64G   8 137.4M   0      0  3.87M      0   07:13   00:35   06:38  3.21M  8  1.64G   8 140.7M   0      0  3.86M      0   07:15   00:36   06:39  3.35M  8  1.64G   8 144.0M   0      0  3.84M      0   07:16   00:37   06:39  3.39M  8  1.64G   8 148.0M   0      0  3.84M      0   07:16   00:38   06:38  3.61M  9  1.64G   9 152.7M   0      0  3.86M      0   07:14   00:39   06:35  3.75M  9  1.64G   9 157.1M   0      0  3.87M      0   07:13   00:40   06:33  3.89M  9  1.64G   9 161.0M   0      0  3.87M      0   07:13   00:41   06:32  4.01M  9  1.64G   9 164.0M   0      0  3.85M      0   07:15   00:42   06:33  3.96M 10  1.64G  10 169.7M   0      0  3.90M      0   07:10   00:43   06:27  4.31M 10  1.64G  10 174.5M   0      0  3.92M      0   07:08   00:44   06:24  4.36M 10  1.64G  10 180.1M   0      0  3.95M      0   07:04   00:45   06:19  4.60M 11  1.64G  11 185.9M   0      0  3.99M      0   07:00   00:46   06:14  4.97M 11  1.64G  11 191.3M   0      0  4.02M      0   06:57   00:47   06:10  5.43M 11  1.64G  11 196.9M   0      0  4.05M      0   06:53   00:48   06:05  5.42M 12  1.64G  12 201.9M   0      0  4.07M      0   06:52   00:49   06:03  5.43M 12  1.64G  12 206.7M   0      0  4.08M      0   06:50   00:50   06:00  5.26M 12  1.64G  12 212.4M   0      0  4.12M      0   06:47   00:51   05:56  5.25M 12  1.64G  12 216.8M   0      0  4.12M      0   06:47   00:52   05:55  5.07M 13  1.64G  13 219.3M   0      0  4.09M      0   06:50   00:53   05:57  4.44M 13  1.64G  13 223.9M   0      0  4.10M      0   06:49   00:54   05:55  4.38M 13  1.64G  13 228.2M   0      0  4.10M      0   06:48   00:55   05:53  4.29M 13  1.64G  13 232.2M   0      0  4.10M      0   06:49   00:56   05:53  3.95M 14  1.64G  14 238.3M   0      0  4.13M      0   06:45   00:57   05:48  4.27M 14  1.64G  14 244.0M   0      0  4.16M      0   06:43   00:58   05:45  4.91M 14  1.64G  14 248.4M   0      0  4.17M      0   06:42   00:59   05:43  4.89M 15  1.64G  15 252.4M   0      0  4.16M      0   06:43   01:00   05:43  4.82M 15  1.64G  15 257.1M   0      0  4.17M      0   06:42   01:01   05:41  4.95M 15  1.64G  15 261.0M   0      0  4.17M      0   06:42   01:02   05:40  4.53M 15  1.64G  15 265.7M   0      0  4.17M      0   06:42   01:03   05:39  4.32M 16  1.64G  16 270.6M   0      0  4.18M      0   06:41   01:04   05:37  4.39M 16  1.64G  16 275.1M   0      0  4.19M      0   06:40   01:05   05:35  4.52M 16  1.64G  16 279.6M   0      0  4.19M      0   06:40   01:06   05:34  4.47M 16  1.64G  16 284.8M   0      0  4.21M      0   06:38   01:07   05:31  4.71M 17  1.64G  17 290.6M   0      0  4.23M      0   06:36   01:08   05:28  4.94M 17  1.64G  17 295.8M   0      0  4.25M      0   06:35   01:09   05:26  5.03M 17  1.64G  17 301.2M   0      0  4.26M      0   06:33   01:10   05:23  5.18M 18  1.64G  18 307.1M   0      0  4.28M      0   06:31   01:11   05:20  5.49M 18  1.64G  18 312.6M   0      0  4.30M      0   06:30   01:12   05:18  5.56M 18  1.64G  18 318.3M   0      0  4.32M      0   06:28   01:13   05:15  5.54M 19  1.64G  19 323.7M   0      0  4.33M      0   06:27   01:14   05:13  5.55M 19  1.64G  19 329.1M   0      0  4.35M      0   06:26   01:15   05:11  5.56M 19  1.64G  19 333.7M   0      0  4.35M      0   06:25   01:16   05:09  5.29M 20  1.64G  20 338.1M   0      0  4.35M      0   06:25   01:17   05:08  5.05M 20  1.64G  20 342.3M   0      0  4.35M      0   06:25   01:18   05:07  4.78M 20  1.64G  20 346.5M   0      0  4.34M      0   06:26   01:19   05:07  4.52M 20  1.64G  20 351.4M   0      0  4.35M      0   06:25   01:20   05:05  4.41M 21  1.64G  21 357.0M   0      0  4.37M      0   06:24   01:21   05:03  4.62M 21  1.64G  21 362.7M   0      0  4.38M      0   06:22   01:22   05:00  4.88M 21  1.64G  21 368.3M   0      0  4.40M      0   06:21   01:23   04:58  5.14M 22  1.64G  22 373.3M   0      0  4.40M      0   06:21   01:24   04:57  5.33M 22  1.64G  22 378.1M   0      0  4.41M      0   06:20   01:25   04:55  5.33M 22  1.64G  22 382.8M   0      0  4.41M      0   06:20   01:26   04:54  5.13M 23  1.64G  23 387.2M   0      0  4.41M      0   06:20   01:27   04:53  4.89M 23  1.64G  23 392.3M   0      0  4.42M      0   06:19   01:28   04:51  4.79M 23  1.64G  23 397.5M   0      0  4.43M      0   06:19   01:29   04:50  4.83M 23  1.64G  23 403.1M   0      0  4.44M      0   06:18   01:30   04:48  4.98M 24  1.64G  24 408.5M   0      0  4.45M      0   06:17   01:31   04:46  5.14M 24  1.64G  24 413.9M   0      0  4.46M      0   06:16   01:32   04:44  5.32M 24  1.64G  24 419.3M   0      0  4.47M      0   06:15   01:33   04:42  5.38M 25  1.64G  25 424.5M   0      0  4.48M      0   06:14   01:34   04:40  5.38M 25  1.64G  25 430.0M   0      0  4.49M      0   06:13   01:35   04:38  5.37M 25  1.64G  25 435.5M   0      0  4.50M      0   06:13   01:36   04:37  5.37M 26  1.64G  26 440.9M   0      0  4.51M      0   06:12   01:37   04:35  5.38M 26  1.64G  26 446.0M   0      0  4.51M      0   06:11   01:38   04:33  5.33M 26  1.64G  26 451.1M   0      0  4.52M      0   06:11   01:39   04:32  5.29M 27  1.64G  27 455.0M   0      0  4.51M      0   06:11   01:40   04:31  4.97M 27  1.64G  27 458.9M   0      0  4.51M      0   06:12   01:41   04:31  4.66M 27  1.64G  27 463.0M   0      0  4.50M      0   06:12   01:42   04:30  4.41M 27  1.64G  27 467.6M   0      0  4.50M      0   06:12   01:43   04:29  4.28M 28  1.64G  28 472.7M   0      0  4.51M      0   06:12   01:44   04:28  4.31M 28  1.64G  28 478.2M   0      0  4.52M      0   06:11   01:45   04:26  4.62M 28  1.64G  28 483.8M   0      0  4.53M      0   06:10   01:46   04:24  4.96M 29  1.64G  29 488.8M   0      0  4.53M      0   06:10   01:47   04:23  5.13M 29  1.64G  29 495.0M   0      0  4.55M      0   06:09   01:48   04:21  5.48M 29  1.64G  29 499.7M   0      0  4.55M      0   06:08   01:49   04:19  5.39M 30  1.64G  30 504.5M   0      0  4.55M      0   06:08   01:50   04:18  5.25M 30  1.64G  30 509.2M   0      0  4.55M      0   06:08   01:51   04:17  5.06M 30  1.64G  30 514.1M   0      0  4.55M      0   06:08   01:52   04:16  5.04M 30  1.64G  30 518.7M   0      0  4.55M      0   06:08   01:53   04:15  4.71M 31  1.64G  31 523.2M   0      0  4.55M      0   06:08   01:54   04:14  4.65M 31  1.64G  31 528.5M   0      0  4.56M      0   06:08   01:55   04:13  4.78M 31  1.64G  31 534.2M   0      0  4.57M      0   06:07   01:56   04:11  4.97M 32  1.64G  32 539.7M   0      0  4.58M      0   06:06   01:57   04:09  5.09M 32  1.64G  32 544.9M   0      0  4.58M      0   06:06   01:58   04:08  5.23M 32  1.64G  32 549.5M   0      0  4.58M      0   06:06   01:59   04:07  5.25M 33  1.64G  33 555.1M   0      0  4.59M      0   06:05   02:00   04:05  5.30M 33  1.64G  33 560.5M   0      0  4.60M      0   06:05   02:01   04:04  5.24M 33  1.64G  33 565.9M   0      0  4.60M      0   06:04   02:02   04:02  5.23M 33  1.64G  33 571.0M   0      0  4.61M      0   06:04   02:03   04:01  5.19M 34  1.64G  34 575.1M   0      0  4.60M      0   06:04   02:04   04:00  5.10M 34  1.64G  34 578.7M   0      0  4.60M      0   06:05   02:05   04:00  4.71M 34  1.64G  34 582.8M   0      0  4.59M      0   06:05   02:06   03:59  4.45M 34  1.64G  34 586.6M   0      0  4.58M      0   06:06   02:07   03:59  4.13M 35  1.64G  35 592.1M   0      0  4.59M      0   06:05   02:08   03:57  4.22M 35  1.64G  35 597.0M   0      0  4.59M      0   06:05   02:09   03:56  4.36M 35  1.64G  35 601.6M   0      0  4.59M      0   06:05   02:10   03:55  4.54M 36  1.64G  36 605.1M   0      0  4.58M      0   06:06   02:11   03:55  4.44M 36  1.64G  36 610.5M   0      0  4.59M      0   06:05   02:12   03:53  4.74M 36  1.64G  36 615.3M   0      0  4.59M      0   06:05   02:13   03:52  4.59M 36  1.64G  36 620.3M   0      0  4.59M      0   06:05   02:14   03:51  4.63M 37  1.64G  37 624.6M   0      0  4.59M      0   06:05   02:15   03:50  4.56M 37  1.64G  37 629.2M   0      0  4.59M      0   06:05   02:16   03:49  4.77M 37  1.64G  37 633.7M   0      0  4.59M      0   06:05   02:17   03:48  4.59M 37  1.64G  37 637.7M   0      0  4.59M      0   06:05   02:18   03:47  4.45M 38  1.64G  38 642.1M   0      0  4.58M      0   06:06   02:19   03:47  4.33M 38  1.64G  38 646.4M   0      0  4.58M      0   06:06   02:20   03:46  4.33M 38  1.64G  38 649.1M   0      0  4.57M      0   06:07   02:21   03:46  3.97M 39  1.64G  39 655.6M   0      0  4.58M      0   06:06   02:22   03:44  4.36M 39  1.64G  39 660.7M   0      0  4.59M      0   06:05   02:23   03:42  4.59M 39  1.64G  39 666.3M   0      0  4.59M      0   06:05   02:24   03:41  4.84M 39  1.64G  39 671.9M   0      0  4.60M      0   06:04   02:25   03:39  5.09M 40  1.64G  40 677.6M   0      0  4.61M      0   06:04   02:26   03:38  5.68M 40  1.64G  40 682.8M   0      0  4.61M      0   06:03   02:27   03:36  5.41M 40  1.64G  40 686.6M   0      0  4.61M      0   06:04   02:28   03:36  5.15M 41  1.64G  41 690.3M   0      0  4.60M      0   06:04   02:29   03:35  4.77M 41  1.64G  41 694.3M   0      0  4.60M      0   06:05   02:30   03:35  4.46M 41  1.64G  41 698.1M   0      0  4.58M      0   06:06   02:32   03:34  3.91M 41  1.64G  41 703.9M   0      0  4.59M      0   06:05   02:33   03:32  4.05M 42  1.64G  42 709.4M   0      0  4.60M      0   06:05   02:34   03:31  4.36M 42  1.64G  42 714.8M   0      0  4.60M      0   06:04   02:35   03:29  4.68M 42  1.64G  42 720.3M   0      0  4.61M      0   06:04   02:36   03:28  4.98M 43  1.64G  43 725.6M   0      0  4.61M      0   06:03   02:37   03:26  5.48M 43  1.64G  43 731.0M   0      0  4.62M      0   06:03   02:38   03:25  5.40M 43  1.64G  43 736.4M   0      0  4.62M      0   06:03   02:39   03:24  5.37M 44  1.64G  44 741.2M   0      0  4.62M      0   06:03   02:40   03:23  5.25M 44  1.64G  44 745.1M   0      0  4.62M      0   06:03   02:41   03:22  4.92M 44  1.64G  44 750.1M   0      0  4.62M      0   06:03   02:42   03:21  4.88M 44  1.64G  44 754.5M   0      0  4.62M      0   06:03   02:43   03:20  4.68M 45  1.64G  45 761.2M   0      0  4.63M      0   06:02   02:44   03:18  4.94M 45  1.64G  45 766.1M   0      0  4.63M      0   06:02   02:45   03:17  4.98M 45  1.64G  45 772.1M   0      0  4.64M      0   06:01   02:46   03:15  5.40M 46  1.64G  46 777.6M   0      0  4.65M      0   06:01   02:47   03:14  5.50M 46  1.64G  46 783.3M   0      0  4.65M      0   06:00   02:48   03:12  5.74M 46  1.64G  46 788.6M   0      0  4.66M      0   06:00   02:49   03:11  5.47M 47  1.64G  47 794.1M   0      0  4.66M      0   06:00   02:50   03:10  5.60M 47  1.64G  47 799.8M   0      0  4.67M      0   05:59   02:51   03:08  5.55M 47  1.64G  47 804.6M   0      0  4.67M      0   05:59   02:52   03:07  5.40M 48  1.64G  48 808.4M   0      0  4.66M      0   05:59   02:53   03:06  5.01M 48  1.64G  48 812.0M   0      0  4.66M      0   06:00   02:54   03:06  4.66M 48  1.64G  48 816.3M   0      0  4.65M      0   06:00   02:55   03:05  4.40M 48  1.64G  48 821.7M   0      0  4.66M      0   06:00   02:56   03:04  4.34M 49  1.64G  49 827.0M   0      0  4.66M      0   05:59   02:57   03:02  4.44M 49  1.64G  49 832.5M   0      0  4.67M      0   05:59   02:58   03:01  4.79M 49  1.64G  49 837.5M   0      0  4.67M      0   05:59   02:59   03:00  5.07M 50  1.64G  50 841.5M   0      0  4.66M      0   05:59   03:00   02:59  5.04M 50  1.64G  50 846.7M   0      0  4.67M      0   05:59   03:01   02:58  4.99M 50  1.64G  50 851.9M   0      0  4.67M      0   05:59   03:02   02:57  4.98M 50  1.64G  50 855.9M   0      0  4.67M      0   05:59   03:03   02:56  4.67M 51  1.64G  51 862.1M   0      0  4.67M      0   05:58   03:04   02:54  4.91M 51  1.64G  51 866.6M   0      0  4.67M      0   05:59   03:05   02:54  5.01M 51  1.64G  51 871.1M   0      0  4.67M      0   05:59   03:06   02:53  4.88M 52  1.64G  52 875.6M   0      0  4.67M      0   05:59   03:07   02:52  4.72M 52  1.64G  52 880.2M   0      0  4.67M      0   05:59   03:08   02:51  4.86M 52  1.64G  52 885.4M   0      0  4.67M      0   05:59   03:09   02:50  4.65M 53  1.64G  53 890.8M   0      0  4.68M      0   05:58   03:10   02:48  4.83M 53  1.64G  53 896.3M   0      0  4.68M      0   05:58   03:11   02:47  5.01M 53  1.64G  53 901.9M   0      0  4.69M      0   05:58   03:12   02:46  5.23M 54  1.64G  54 907.5M   0      0  4.69M      0   05:57   03:13   02:44  5.41M 54  1.64G  54 912.9M   0      0  4.70M      0   05:57   03:14   02:43  5.48M 54  1.64G  54 918.4M   0      0  4.70M      0   05:57   03:15   02:42  5.48M 54  1.64G  54 922.6M   0      0  4.70M      0   05:57   03:16   02:41  5.24M 55  1.64G  55 927.5M   0      0  4.70M      0   05:57   03:17   02:40  5.12M 55  1.64G  55 932.3M   0      0  4.70M      0   05:57   03:18   02:39  4.96M 55  1.64G  55 936.7M   0      0  4.70M      0   05:57   03:19   02:38  4.75M 56  1.64G  56 941.5M   0      0  4.70M      0   05:57   03:20   02:37  4.61M 56  1.64G  56 946.9M   0      0  4.70M      0   05:57   03:21   02:36  4.84M 56  1.64G  56 952.4M   0      0  4.70M      0   05:56   03:22   02:34  4.95M 57  1.64G  57 958.0M   0      0  4.71M      0   05:56   03:23   02:33  5.11M 57  1.64G  57 963.6M   0      0  4.71M      0   05:56   03:24   02:32  5.35M 57  1.64G  57 969.1M   0      0  4.72M      0   05:55   03:25   02:30  5.49M 57  1.64G  57 973.5M   0      0  4.71M      0   05:55   03:26   02:29  5.31M 58  1.64G  58 980.3M   0      0  4.72M      0   05:55   03:27   02:28  5.57M 58  1.64G  58 985.8M   0      0  4.73M      0   05:54   03:28   02:26  5.55M 58  1.64G  58 991.0M   0      0  4.73M      0   05:54   03:29   02:25  5.47M 59  1.64G  59 995.6M   0      0  4.73M      0   05:54   03:30   02:24  5.27M 59  1.64G  59  0.97G   0      0  4.73M      0   05:54   03:31   02:23  5.28M 59  1.64G  59  0.98G   0      0  4.73M      0   05:54   03:32   02:22  4.85M 60  1.64G  60  0.98G   0      0  4.73M      0   05:54   03:33   02:21  4.87M 60  1.64G  60  0.99G   0      0  4.74M      0   05:54   03:34   02:20  4.95M 60  1.64G  60  0.99G   0      0  4.74M      0   05:54   03:35   02:19  5.07M 61  1.64G  61  1.00G   0      0  4.74M      0   05:54   03:36   02:18  5.16M 61  1.64G  61  1.00G   0      0  4.74M      0   05:54   03:37   02:17  5.05M 61  1.64G  61  1.01G   0      0  4.74M      0   05:54   03:38   02:16  5.02M 61  1.64G  61  1.01G   0      0  4.74M      0   05:54   03:39   02:15  4.94M 62  1.64G  62  1.02G   0      0  4.74M      0   05:54   03:40   02:14  4.89M 62  1.64G  62  1.02G   0      0  4.74M      0   05:54   03:41   02:13  4.85M 62  1.64G  62  1.03G   0      0  4.74M      0   05:54   03:42   02:12  4.97M 63  1.64G  63  1.03G   0      0  4.74M      0   05:54   03:43   02:11  4.75M 63  1.64G  63  1.03G   0      0  4.74M      0   05:54   03:44   02:10  4.64M 63  1.64G  63  1.04G   0      0  4.74M      0   05:54   03:45   02:09  4.73M 63  1.64G  63  1.04G   0      0  4.74M      0   05:53   03:46   02:07  4.83M 64  1.64G  64  1.05G   0      0  4.74M      0   05:53   03:47   02:06  4.92M 64  1.64G  64  1.05G   0      0  4.75M      0   05:53   03:48   02:05  5.14M 64  1.64G  64  1.06G   0      0  4.75M      0   05:53   03:49   02:04  5.28M 65  1.64G  65  1.07G   0      0  4.75M      0   05:53   03:50   02:03  5.35M 65  1.64G  65  1.07G   0      0  4.76M      0   05:52   03:51   02:01  5.39M 65  1.64G  65  1.08G   0      0  4.76M      0   05:52   03:52   02:00  5.35M 66  1.64G  66  1.08G   0      0  4.76M      0   05:52   03:53   01:59  5.29M 66  1.64G  66  1.08G   0      0  4.76M      0   05:52   03:54   01:58  5.16M 66  1.64G  66  1.09G   0      0  4.76M      0   05:52   03:55   01:57  4.86M 66  1.64G  66  1.09G   0      0  4.75M      0   05:53   03:56   01:57  4.60M 67  1.64G  67  1.10G   0      0  4.75M      0   05:53   03:57   01:56  4.49M 67  1.64G  67  1.10G   0      0  4.75M      0   05:53   03:58   01:55  4.31M 67  1.64G  67  1.11G   0      0  4.75M      0   05:53   03:59   01:54  4.25M 67  1.64G  67  1.11G   0      0  4.75M      0   05:53   04:00   01:53  4.26M 68  1.64G  68  1.11G   0      0  4.75M      0   05:53   04:01   01:52  4.38M 68  1.64G  68  1.12G   0      0  4.75M      0   05:53   04:02   01:51  4.63M 68  1.64G  68  1.12G   0      0  4.75M      0   05:53   04:03   01:50  4.76M 69  1.64G  69  1.13G   0      0  4.75M      0   05:53   04:04   01:49  4.75M 69  1.64G  69  1.13G   0      0  4.75M      0   05:53   04:05   01:48  4.74M 69  1.64G  69  1.14G   0      0  4.74M      0   05:53   04:06   01:47  4.68M 69  1.64G  69  1.14G   0      0  4.74M      0   05:53   04:07   01:46  4.41M 70  1.64G  70  1.15G   0      0  4.74M      0   05:54   04:08   01:46  4.13M 70  1.64G  70  1.15G   0      0  4.73M      0   05:54   04:09   01:45  3.87M 70  1.64G  70  1.15G   0      0  4.74M      0   05:54   04:10   01:44  4.32M 70  1.64G  70  1.16G   0      0  4.74M      0   05:54   04:11   01:43  4.49M 71  1.64G  71  1.16G   0      0  4.74M      0   05:54   04:12   01:42  4.59M 71  1.64G  71  1.17G   0      0  4.74M      0   05:54   04:13   01:41  4.88M 71  1.64G  71  1.17G   0      0  4.74M      0   05:53   04:14   01:39  5.37M 72  1.64G  72  1.18G   0      0  4.75M      0   05:53   04:15   01:38  5.24M 72  1.64G  72  1.19G   0      0  4.75M      0   05:53   04:16   01:37  5.29M 72  1.64G  72  1.19G   0      0  4.75M      0   05:53   04:17   01:36  5.38M 73  1.64G  73  1.20G   0      0  4.75M      0   05:53   04:18   01:35  5.39M 73  1.64G  73  1.20G   0      0  4.75M      0   05:53   04:19   01:34  5.28M 73  1.64G  73  1.20G   0      0  4.75M      0   05:53   04:20   01:33  5.10M 74  1.64G  74  1.21G   0      0  4.75M      0   05:53   04:21   01:32  4.93M 74  1.64G  74  1.21G   0      0  4.75M      0   05:53   04:22   01:31  4.79M 74  1.64G  74  1.22G   0      0  4.75M      0   05:53   04:23   01:30  4.61M 74  1.64G  74  1.22G   0      0  4.75M      0   05:53   04:24   01:29  4.45M 75  1.64G  75  1.23G   0      0  4.75M      0   05:53   04:25   01:28  4.43M 75  1.64G  75  1.23G   0      0  4.75M      0   05:53   04:26   01:27  4.45M 75  1.64G  75  1.24G   0      0  4.75M      0   05:53   04:27   01:26  4.65M 75  1.64G  75  1.24G   0      0  4.75M      0   05:53   04:28   01:25  4.75M 76  1.64G  76  1.25G   0      0  4.75M      0   05:53   04:29   01:24  4.85M 76  1.64G  76  1.25G   0      0  4.75M      0   05:53   04:30   01:23  4.75M 76  1.64G  76  1.25G   0      0  4.74M      0   05:53   04:31   01:22  4.55M 77  1.64G  77  1.26G   0      0  4.74M      0   05:53   04:32   01:21  4.31M 77  1.64G  77  1.26G   0      0  4.74M      0   05:54   04:33   01:21  4.19M 77  1.64G  77  1.27G   0      0  4.74M      0   05:54   04:34   01:20  4.07M 77  1.64G  77  1.27G   0      0  4.74M      0   05:54   04:35   01:19  4.38M 78  1.64G  78  1.28G   0      0  4.74M      0   05:53   04:36   01:17  4.65M 78  1.64G  78  1.28G   0      0  4.74M      0   05:53   04:37   01:16  4.72M 78  1.64G  78  1.29G   0      0  4.74M      0   05:53   04:38   01:15  5.00M 79  1.64G  79  1.29G   0      0  4.75M      0   05:53   04:39   01:14  5.22M 79  1.64G  79  1.30G   0      0  4.75M      0   05:53   04:40   01:13  5.06M 79  1.64G  79  1.30G   0      0  4.75M      0   05:53   04:41   01:12  4.98M 79  1.64G  79  1.31G   0      0  4.75M      0   05:53   04:42   01:11  5.09M 80  1.64G  80  1.31G   0      0  4.75M      0   05:53   04:43   01:10  5.03M 80  1.64G  80  1.32G   0      0  4.75M      0   05:53   04:44   01:09  4.79M 80  1.64G  80  1.32G   0      0  4.74M      0   05:53   04:45   01:08  4.65M 80  1.64G  80  1.32G   0      0  4.74M      0   05:53   04:46   01:07  4.59M 81  1.64G  81  1.33G   0      0  4.74M      0   05:54   04:47   01:07  4.26M 81  1.64G  81  1.33G   0      0  4.74M      0   05:54   04:48   01:06  4.06M 81  1.64G  81  1.34G   0      0  4.74M      0   05:53   04:49   01:04  4.46M 82  1.64G  82  1.34G   0      0  4.75M      0   05:53   04:50   01:03  4.75M 82  1.64G  82  1.35G   0      0  4.75M      0   05:53   04:51   01:02  4.90M 82  1.64G  82  1.35G   0      0  4.75M      0   05:53   04:52   01:01  5.04M 82  1.64G  82  1.36G   0      0  4.74M      0   05:53   04:53   01:00  5.10M 83  1.64G  83  1.36G   0      0  4.74M      0   05:53   04:54   00:59  4.75M 83  1.64G  83  1.36G   0      0  4.74M      0   05:54   04:55   00:59  4.44M 83  1.64G  83  1.37G   0      0  4.74M      0   05:54   04:56   00:58  4.16M 84  1.64G  84  1.37G   0      0  4.74M      0   05:54   04:57   00:57  4.41M 84  1.64G  84  1.38G   0      0  4.74M      0   05:54   04:58   00:56  4.38M 84  1.64G  84  1.38G   0      0  4.74M      0   05:53   04:59   00:54  4.88M 84  1.64G  84  1.39G   0      0  4.75M      0   05:53   05:00   00:53  5.06M 85  1.64G  85  1.39G   0      0  4.75M      0   05:53   05:01   00:52  5.30M 85  1.64G  85  1.40G   0      0  4.75M      0   05:53   05:02   00:51  5.25M 85  1.64G  85  1.40G   0      0  4.75M      0   05:53   05:03   00:50  5.30M 86  1.64G  86  1.41G   0      0  4.75M      0   05:53   05:04   00:49  5.24M 86  1.64G  86  1.41G   0      0  4.75M      0   05:52   05:05   00:47  5.34M 86  1.64G  86  1.42G   0      0  4.75M      0   05:52   05:06   00:46  5.30M 87  1.64G  87  1.42G   0      0  4.76M      0   05:52   05:07   00:45  5.31M 87  1.64G  87  1.43G   0      0  4.76M      0   05:52   05:08   00:44  5.41M 87  1.64G  87  1.43G   0      0  4.75M      0   05:53   05:09   00:44  4.84M 87  1.64G  87  1.44G   0      0  4.75M      0   05:53   05:10   00:43  4.60M 88  1.64G  88  1.44G   0      0  4.75M      0   05:53   05:11   00:42  4.56M 88  1.64G  88  1.45G   0      0  4.75M      0   05:53   05:12   00:41  4.20M 88  1.64G  88  1.45G   0      0  4.75M      0   05:53   05:13   00:40  4.26M 89  1.64G  89  1.46G   0      0  4.75M      0   05:53   05:14   00:39  4.57M 89  1.64G  89  1.46G   0      0  4.75M      0   05:53   05:15   00:38  4.65M 89  1.64G  89  1.46G   0      0  4.75M      0   05:53   05:16   00:37  4.56M 89  1.64G  89  1.47G   0      0  4.75M      0   05:53   05:17   00:36  4.59M 90  1.64G  90  1.47G   0      0  4.74M      0   05:53   05:18   00:35  4.28M 90  1.64G  90  1.48G   0      0  4.74M      0   05:54   05:19   00:35  4.06M 90  1.64G  90  1.48G   0      0  4.74M      0   05:54   05:20   00:34  4.11M 90  1.64G  90  1.49G   0      0  4.74M      0   05:54   05:21   00:33  4.18M 91  1.64G  91  1.49G   0      0  4.74M      0   05:54   05:22   00:32  4.41M 91  1.64G  91  1.50G   0      0  4.74M      0   05:54   05:23   00:31  4.64M 91  1.64G  91  1.50G   0      0  4.74M      0   05:53   05:24   00:29  4.84M 92  1.64G  92  1.50G   0      0  4.74M      0   05:53   05:25   00:28  4.86M 92  1.64G  92  1.51G   0      0  4.74M      0   05:53   05:26   00:27  4.86M 92  1.64G  92  1.51G   0      0  4.74M      0   05:53   05:27   00:26  4.87M 92  1.64G  92  1.52G   0      0  4.74M      0   05:53   05:28   00:25  4.84M 93  1.64G  93  1.52G   0      0  4.74M      0   05:53   05:29   00:24  4.79M 93  1.64G  93  1.53G   0      0  4.74M      0   05:53   05:30   00:23  4.78M 93  1.64G  93  1.53G   0      0  4.75M      0   05:53   05:31   00:22  4.95M 94  1.64G  94  1.54G   0      0  4.75M      0   05:53   05:32   00:21  5.06M 94  1.64G  94  1.54G   0      0  4.75M      0   05:53   05:33   00:20  5.10M 94  1.64G  94  1.55G   0      0  4.75M      0   05:53   05:34   00:19  5.02M 94  1.64G  94  1.55G   0      0  4.75M      0   05:53   05:35   00:18  4.86M 95  1.64G  95  1.56G   0      0  4.74M      0   05:53   05:36   00:17  4.60M 95  1.64G  95  1.56G   0      0  4.74M      0   05:53   05:37   00:16  4.42M 95  1.64G  95  1.57G   0      0  4.74M      0   05:53   05:38   00:15  4.46M 96  1.64G  96  1.57G   0      0  4.75M      0   05:53   05:39   00:14  4.65M 96  1.64G  96  1.57G   0      0  4.74M      0   05:53   05:40   00:13  4.56M 96  1.64G  96  1.58G   0      0  4.74M      0   05:54   05:41   00:13  4.43M 96  1.64G  96  1.58G   0      0  4.73M      0   05:54   05:42   00:12  4.14M 96  1.64G  96  1.58G   0      0  4.73M      0   05:54   05:43   00:11  3.88M 97  1.64G  97  1.59G   0      0  4.73M      0   05:54   05:44   00:10  3.61M 97  1.64G  97  1.59G   0      0  4.73M      0   05:54   05:45   00:09  3.79M 97  1.64G  97  1.60G   0      0  4.73M      0   05:55   05:46   00:09  3.97M 97  1.64G  97  1.60G   0      0  4.73M      0   05:55   05:47   00:08  4.32M 98  1.64G  98  1.61G   0      0  4.73M      0   05:55   05:48   00:07  4.41M 98  1.64G  98  1.61G   0      0  4.72M      0   05:55   05:49   00:06  4.50M 98  1.64G  98  1.61G   0      0  4.72M      0   05:55   05:50   00:05  4.31M 98  1.64G  98  1.62G   0      0  4.72M      0   05:55   05:51   00:04  4.24M 99  1.64G  99  1.62G   0      0  4.72M      0   05:55   05:52   00:03  4.10M 99  1.64G  99  1.63G   0      0  4.72M      0   05:55   05:53   00:02  4.12M 99  1.64G  99  1.63G   0      0  4.72M      0   05:55   05:54   00:01  4.18M 99  1.64G  99  1.63G   0      0  4.71M      0   05:55   05:55          4.22M100  1.64G 100  1.64G   0      0  4.71M      0   05:55   05:55          4.22M100  1.64G 100  1.64G   0      0  4.71M      0   05:55   05:55          4.22M100  1.64G 100  1.64G   0      0  4.71M      0   05:55   05:55          4.22M
==> Validating source files with sha256sums...
    jetbrains-clion.desktop ... Passed
==> Validating source_x86_64 files with sha256sums...
    CLion-2026.1.3.tar.gz ... Passed
==> Making package: clion 1:2026.1.3-1 (Sat 13 Jun 2026 15:31:45)
==> Checking runtime dependencies...
==> Checking buildtime dependencies...
==> Retrieving sources...
  -> Found jetbrains-clion.desktop
  -> Found CLion-2026.1.3.tar.gz
==> Validating source files with sha256sums...
    jetbrains-clion.desktop ... Passed
==> Validating source_x86_64 files with sha256sums...
    CLion-2026.1.3.tar.gz ... Passed
==> Removing existing $srcdir/ directory...
==> Extracting sources...
==> Sources are ready.
clion-1:2026.1.3-1: parsing pkg list...
==> Making package: clion 1:2026.1.3-1 (Sat 13 Jun 2026 15:32:09)
==> Checking runtime dependencies...
==> Checking buildtime dependencies...
==> WARNING: Using existing $srcdir/ tree
==> Starting build()...
==> Entering fakeroot environment...
==> Starting package_clion()...
==> Tidying install...
  -> Removing libtool files...
  -> Removing static library files...
  -> Purging unwanted files...
  -> Compressing man and info pages...
==> Checking for packaging issues...
==> Creating package "clion"...
  -> Generating .PKGINFO file...
  -> Generating .BUILDINFO file...
  -> Generating .MTREE file...
  -> Compressing package...
==> Starting package_clion-jre()...
==> Tidying install...
  -> Removing libtool files...
  -> Removing static library files...
  -> Purging unwanted files...
  -> Compressing man and info pages...
==> Checking for packaging issues...
==> Creating package "clion-jre"...
  -> Generating .PKGINFO file...
  -> Generating .BUILDINFO file...
  -> Generating .MTREE file...
  -> Compressing package...
==> Starting package_clion-cmake()...
==> Tidying install...
  -> Removing libtool files...
  -> Removing static library files...
  -> Purging unwanted files...
  -> Compressing man and info pages...
==> Checking for packaging issues...
==> Creating package "clion-cmake"...
  -> Generating .PKGINFO file...
  -> Generating .BUILDINFO file...
  -> Generating .MTREE file...
  -> Compressing package...
==> Starting package_clion-gdb()...
==> Tidying install...
  -> Removing libtool files...
  -> Removing static library files...
  -> Purging unwanted files...
  -> Compressing man and info pages...
==> Checking for packaging issues...
==> Creating package "clion-gdb"...
  -> Generating .PKGINFO file...
  -> Generating .BUILDINFO file...
  -> Generating .MTREE file...
  -> Compressing package...
==> Starting package_clion-lldb()...
==> Tidying install...
  -> Removing libtool files...
  -> Removing static library files...
  -> Purging unwanted files...
  -> Compressing man and info pages...
==> Checking for packaging issues...
==> Creating package "clion-lldb"...
  -> Generating .PKGINFO file...
  -> Generating .BUILDINFO file...
  -> Generating .MTREE file...
  -> Compressing package...
==> Leaving fakeroot environment.
==> Finished making: clion 1:2026.1.3-1 (Sat 13 Jun 2026 15:33:49)
==> Cleaning up...
loading packages...
resolving dependencies...
looking for conflicting packages...

Package (1)  New Version   Net Change 

clion        1:2026.1.3-1  4015.01 MiB

Total Installed Size:  4015.01 MiB

:: Proceed with installation? [Y/n] 
checking keyring...
checking package integrity...
loading package files...
checking for file conflicts...
checking available disk space...
:: Running pre-transaction hooks...
(1/2) Performing snapper pre snapshots for the following configurations...
==> root: 127
(2/2) Waiting for limine-snapper-sync to finish...
:: Processing package changes...
installing clion...
Optional dependencies for clion
    clion-jre: JetBrains custom Java Runtime (Recommended)
    clion-cmake: JetBrains packaged CMake tools
    clion-gdb: JetBrains packaged GNU debugger
    clion-lldb: JetBrains packaged LLVM debugger
    java-runtime: JRE - Required if clion-jre is not installed. See https://www.jetbrains.com/help/clion/switching-boot-jdk.html when using an external JRE.
    cmake: Build system - Required if clion-cmake is not installed
    gdb: native GNU debugger [installed]
    lldb: native LLVM debugger
    gcc: GNU compiler [installed]
    clang: LLVM compiler [installed]
    gtest: C++ testing [installed]
    python: Python language support [installed]
    doxygen: Code documentation generation
:: Running post-transaction hooks...
(1/3) Arming ConditionNeedsUpdate...
(2/3) Updating the desktop file MIME type cache...
(3/3) Performing snapper post snapshots for the following configurations...
==> root: 128
resolving dependencies...
looking for conflicting packages...

Package (3)                  New Version   Net Change  Download Size

cachyos-extra-v3/containerd  2.3.1-1.1      86.70 MiB      19.47 MiB
cachyos-extra-v3/runc        1.4.2-1.1       9.77 MiB       3.15 MiB
cachyos-extra-v3/docker      1:29.5.2-1.1  113.07 MiB      27.54 MiB

Total Download Size:    50.16 MiB
Total Installed Size:  209.54 MiB

:: Proceed with installation? [Y/n] 
:: Retrieving packages...
 docker-1:29.5.2-1.1-x86_64_v3 downloading...
 containerd-2.3.1-1.1-x86_64_v3 downloading...
 runc-1.4.2-1.1-x86_64_v3 downloading...
checking keyring...
checking package integrity...
loading package files...
checking for file conflicts...
checking available disk space...
:: Running pre-transaction hooks...
(1/2) Performing snapper pre snapshots for the following configurations...
==> root: 129
(2/2) Waiting for limine-snapper-sync to finish...
:: Processing package changes...
installing runc...
Optional dependencies for runc
    criu: checkpoint support
installing containerd...
installing docker...
Optional dependencies for docker
    btrfs-progs: btrfs backend support [installed]
    pigz: parallel gzip compressor support
    docker-buildx: extended build capabilities
:: Running post-transaction hooks...
(1/4) Creating system user accounts...
Creating group 'docker' with GID 957.
(2/4) Reloading system manager configuration...
(3/4) Arming ConditionNeedsUpdate...
(4/4) Performing snapper post snapshots for the following configurations...
==> root: 130
resolving dependencies...
looking for conflicting packages...

Package (3)                                 New Version  Net Change  Download Size

cachyos-extra-v3/ghostty-shell-integration  1.3.1-2.2      0.07 MiB       0.02 MiB
cachyos-extra-v3/ghostty-terminfo           1.3.1-2.2      0.00 MiB       0.01 MiB
cachyos-extra-v3/ghostty                    1.3.1-2.2     29.43 MiB      15.67 MiB

Total Download Size:   15.70 MiB
Total Installed Size:  29.51 MiB

:: Proceed with installation? [Y/n] 
:: Retrieving packages...
 ghostty-1.3.1-2.2-x86_64_v3 downloading...
 ghostty-shell-integration-1.3.1-2.2-x86_64_v3 downloading...
 ghostty-terminfo-1.3.1-2.2-x86_64_v3 downloading...
checking keyring...
checking package integrity...
loading package files...
checking for file conflicts...
checking available disk space...
:: Running pre-transaction hooks...
(1/2) Performing snapper pre snapshots for the following configurations...
==> root: 131
(2/2) Waiting for limine-snapper-sync to finish...
:: Processing package changes...
installing ghostty-shell-integration...
installing ghostty-terminfo...
installing ghostty...
Optional dependencies for ghostty
    ghostty-nautilus: Open in Ghostty context menu in GNOME Files
:: Running post-transaction hooks...
(1/5) Reloading user manager configuration...
(2/5) Arming ConditionNeedsUpdate...
(3/5) Updating icon theme caches...
(4/5) Updating the desktop file MIME type cache...
(5/5) Performing snapper post snapshots for the following configurations...
==> root: 132
resolving dependencies...
looking for conflicting packages...

Package (1)                New Version  Net Change  Download Size

cachyos-extra-v3/opencode  1.17.4-1.1   149.75 MiB      38.94 MiB

Total Download Size:    38.94 MiB
Total Installed Size:  149.75 MiB

:: Proceed with installation? [Y/n] 
:: Retrieving packages...
 opencode-1.17.4-1.1-x86_64_v3 downloading...
checking keyring...
checking package integrity...
loading package files...
checking for file conflicts...
checking available disk space...
:: Running pre-transaction hooks...
(1/2) Performing snapper pre snapshots for the following configurations...
==> root: 133
(2/2) Waiting for limine-snapper-sync to finish...
:: Processing package changes...
installing opencode...
Optional dependencies for opencode
    wl-clipboard: clipboard support on Wayland [installed]
    xclip: clipboard support on X11
:: Running post-transaction hooks...
(1/2) Arming ConditionNeedsUpdate...
(2/2) Performing snapper post snapshots for the following configurations...
==> root: 134
